,Unnamed: 0,date,close,ticker
0,0,2018-12-27,290.7870788574219,BHARTIARTL.NS
1,1,2018-12-28,290.6493530273437,BHARTIARTL.NS
2,2,2018-12-31,286.93072509765625,BHARTIARTL.NS
3,3,2019-01-01,293.3580017089844,BHARTIARTL.NS
4,4,2019-01-02,287.0684814453125,BHARTIARTL.NS
5,5,2019-01-03,287.8489074707031,BHARTIARTL.NS
6,6,2019-01-04,296.0666198730469,BHARTIARTL.NS
7,7,2019-01-07,298.362060546875,BHARTIARTL.NS
8,8,2019-01-08,302.31024169921875,BHARTIARTL.NS
9,9,2019-01-09,307.13067626953125,BHARTIARTL.NS
10,10,2019-01-10,309.7015686035156,BHARTIARTL.NS
11,11,2019-01-11,307.6815795898437,BHARTIARTL.NS
12,12,2019-01-14,304.46795654296875,BHARTIARTL.NS
13,13,2019-01-15,310.11474609375,BHARTIARTL.NS
14,14,2019-01-16,306.62567138671875,BHARTIARTL.NS
15,15,2019-01-17,304.8811340332031,BHARTIARTL.NS
16,16,2019-01-18,285.6911926269531,BHARTIARTL.NS
17,17,2019-01-21,285.8748474121094,BHARTIARTL.NS
18,18,2019-01-22,279.9066772460937,BHARTIARTL.NS
19,19,2019-01-23,278.85076904296875,BHARTIARTL.NS
20,20,2019-01-24,276.968505859375,BHARTIARTL.NS
21,21,2019-01-25,282.33984375,BHARTIARTL.NS
22,22,2019-01-28,280.18212890625,BHARTIARTL.NS
23,23,2019-01-29,282.6612243652344,BHARTIARTL.NS
24,24,2019-01-30,278.85076904296875,BHARTIARTL.NS
25,25,2019-01-31,281.3298645019531,BHARTIARTL.NS
26,26,2019-02-01,286.3339233398437,BHARTIARTL.NS
27,27,2019-02-04,281.46759033203125,BHARTIARTL.NS
28,28,2019-02-05,282.9825744628906,BHARTIARTL.NS
29,29,2019-02-06,283.4875793457031,BHARTIARTL.NS
30,30,2019-02-07,285.6911926269531,BHARTIARTL.NS
31,31,2019-02-08,287.619384765625,BHARTIARTL.NS
32,32,2019-02-11,286.6552734375,BHARTIARTL.NS
33,33,2019-02-12,285.78302001953125,BHARTIARTL.NS
34,34,2019-02-14,276.18804931640625,BHARTIARTL.NS
35,35,2019-02-15,279.6771240234375,BHARTIARTL.NS
36,36,2019-02-18,277.7948608398437,BHARTIARTL.NS
37,37,2019-02-19,278.85076904296875,BHARTIARTL.NS
38,38,2019-02-20,283.71710205078125,BHARTIARTL.NS
39,39,2019-02-21,284.5434875488281,BHARTIARTL.NS
40,40,2019-02-22,288.1702880859375,BHARTIARTL.NS
41,41,2019-02-25,291.2920837402344,BHARTIARTL.NS
42,42,2019-02-26,289.6393737792969,BHARTIARTL.NS
43,43,2019-02-27,293.9548034667969,BHARTIARTL.NS
44,44,2019-02-28,292.0266418457031,BHARTIARTL.NS
45,45,2019-03-01,282.4775695800781,BHARTIARTL.NS
46,46,2019-03-05,282.6612243652344,BHARTIARTL.NS
47,47,2019-03-06,284.0843811035156,BHARTIARTL.NS
48,48,2019-03-07,282.4775695800781,BHARTIARTL.NS
49,49,2019-03-08,283.441650390625,BHARTIARTL.NS
50,50,2019-03-11,306.4879455566406,BHARTIARTL.NS
51,51,2019-03-12,323.01513671875,BHARTIARTL.NS
52,52,2019-03-13,310.11474609375,BHARTIARTL.NS
53,53,2019-03-14,314.38427734375,BHARTIARTL.NS
54,54,2019-03-15,310.06884765625,BHARTIARTL.NS
55,55,2019-03-18,303.5956726074219,BHARTIARTL.NS
56,56,2019-03-19,309.1965637207031,BHARTIARTL.NS
57,57,2019-03-20,306.67156982421875,BHARTIARTL.NS
58,58,2019-03-22,304.4220275878906,BHARTIARTL.NS
59,59,2019-03-25,300.24432373046875,BHARTIARTL.NS
60,60,2019-03-26,300.9788818359375,BHARTIARTL.NS
61,61,2019-03-27,296.1125183105469,BHARTIARTL.NS
62,62,2019-03-28,302.95294189453125,BHARTIARTL.NS
63,63,2019-04-01,312.9151916503906,BHARTIARTL.NS
64,64,2019-04-02,327.28466796875,BHARTIARTL.NS
65,65,2019-04-03,321.3624267578125,BHARTIARTL.NS
66,66,2019-04-04,327.6060485839844,BHARTIARTL.NS
67,67,2019-04-05,327.46832275390625,BHARTIARTL.NS
68,68,2019-04-08,325.90740966796875,BHARTIARTL.NS
69,69,2019-04-09,322.8315124511719,BHARTIARTL.NS
70,70,2019-04-10,312.1806335449219,BHARTIARTL.NS
71,71,2019-04-11,318.0110778808594,BHARTIARTL.NS
72,72,2019-04-12,313.9710998535156,BHARTIARTL.NS
73,73,2019-04-15,319.2506103515625,BHARTIARTL.NS
74,74,2019-04-16,320.2146911621094,BHARTIARTL.NS
75,75,2019-04-18,318.5619812011719,BHARTIARTL.NS
76,76,2019-04-22,320.8115234375,BHARTIARTL.NS
77,77,2019-04-23,316.5,BHARTIARTL.NS
78,78,2019-04-24,324.5,BHARTIARTL.NS
79,79,2019-04-25,328.5,BHARTIARTL.NS
80,80,2019-04-26,325.45001220703125,BHARTIARTL.NS
81,81,2019-04-30,320.29998779296875,BHARTIARTL.NS
82,82,2019-05-02,324.20001220703125,BHARTIARTL.NS
83,83,2019-05-03,331.45001220703125,BHARTIARTL.NS
84,84,2019-05-06,333.45001220703125,BHARTIARTL.NS
85,85,2019-05-07,324.95001220703125,BHARTIARTL.NS
86,86,2019-05-08,324.5,BHARTIARTL.NS
87,87,2019-05-09,315.45001220703125,BHARTIARTL.NS
88,88,2019-05-10,324.1000061035156,BHARTIARTL.NS
89,89,2019-05-13,318.6499938964844,BHARTIARTL.NS
90,90,2019-05-14,336.6000061035156,BHARTIARTL.NS
91,91,2019-05-15,331.25,BHARTIARTL.NS
92,92,2019-05-16,325.20001220703125,BHARTIARTL.NS
93,93,2019-05-17,328.45001220703125,BHARTIARTL.NS
94,94,2019-05-20,340.1000061035156,BHARTIARTL.NS
95,95,2019-05-21,330.6499938964844,BHARTIARTL.NS
96,96,2019-05-22,335.1499938964844,BHARTIARTL.NS
97,97,2019-05-23,338.79998779296875,BHARTIARTL.NS
98,98,2019-05-24,353.20001220703125,BHARTIARTL.NS
99,99,2019-05-27,349.5,BHARTIARTL.NS
100,100,2019-05-28,345.6000061035156,BHARTIARTL.NS
101,101,2019-05-29,338.79998779296875,BHARTIARTL.NS
102,102,2019-05-30,346.70001220703125,BHARTIARTL.NS
103,103,2019-05-31,348.79998779296875,BHARTIARTL.NS
104,104,2019-06-03,352.75,BHARTIARTL.NS
105,105,2019-06-04,352.3999938964844,BHARTIARTL.NS
106,106,2019-06-06,353.79998779296875,BHARTIARTL.NS
107,107,2019-06-07,357.1000061035156,BHARTIARTL.NS
108,108,2019-06-10,363.4500122070313,BHARTIARTL.NS
109,109,2019-06-11,363.25,BHARTIARTL.NS
110,110,2019-06-12,359.8999938964844,BHARTIARTL.NS
111,111,2019-06-13,363.75,BHARTIARTL.NS
112,112,2019-06-14,353.29998779296875,BHARTIARTL.NS
113,113,2019-06-17,344.0,BHARTIARTL.NS
114,114,2019-06-18,345.1499938964844,BHARTIARTL.NS
115,115,2019-06-19,341.1000061035156,BHARTIARTL.NS
116,116,2019-06-20,348.54998779296875,BHARTIARTL.NS
117,117,2019-06-21,343.79998779296875,BHARTIARTL.NS
118,118,2019-06-24,345.1000061035156,BHARTIARTL.NS
119,119,2019-06-25,348.6000061035156,BHARTIARTL.NS
120,120,2019-06-26,345.54998779296875,BHARTIARTL.NS
121,121,2019-06-27,348.6499938964844,BHARTIARTL.NS
122,122,2019-06-28,346.6499938964844,BHARTIARTL.NS
123,123,2019-07-01,348.5,BHARTIARTL.NS
124,124,2019-07-02,353.6000061035156,BHARTIARTL.NS
125,125,2019-07-03,353.20001220703125,BHARTIARTL.NS
126,126,2019-07-04,362.75,BHARTIARTL.NS
127,127,2019-07-05,364.7999877929688,BHARTIARTL.NS
128,128,2019-07-08,356.3999938964844,BHARTIARTL.NS
129,129,2019-07-09,362.2999877929688,BHARTIARTL.NS
130,130,2019-07-10,358.54998779296875,BHARTIARTL.NS
131,131,2019-07-11,360.75,BHARTIARTL.NS
132,132,2019-07-12,356.1000061035156,BHARTIARTL.NS
133,133,2019-07-15,350.6000061035156,BHARTIARTL.NS
134,134,2019-07-16,350.75,BHARTIARTL.NS
135,135,2019-07-17,346.25,BHARTIARTL.NS
136,136,2019-07-18,342.5,BHARTIARTL.NS
137,137,2019-07-19,339.95001220703125,BHARTIARTL.NS
138,138,2019-07-22,342.54998779296875,BHARTIARTL.NS
139,139,2019-07-23,343.6000061035156,BHARTIARTL.NS
140,140,2019-07-24,338.8999938964844,BHARTIARTL.NS
141,141,2019-07-25,339.0,BHARTIARTL.NS
142,142,2019-07-26,334.8999938964844,BHARTIARTL.NS
143,143,2019-07-29,334.54998779296875,BHARTIARTL.NS
144,144,2019-07-30,345.75,BHARTIARTL.NS
145,145,2019-07-31,337.6000061035156,BHARTIARTL.NS
146,146,2019-08-01,323.8999938964844,BHARTIARTL.NS
147,147,2019-08-02,343.54998779296875,BHARTIARTL.NS
148,148,2019-08-05,357.70001220703125,BHARTIARTL.NS
149,149,2019-08-06,368.4500122070313,BHARTIARTL.NS
150,150,2019-08-07,366.1000061035156,BHARTIARTL.NS
151,151,2019-08-08,372.1499938964844,BHARTIARTL.NS
152,152,2019-08-09,371.1499938964844,BHARTIARTL.NS
153,153,2019-08-13,351.6499938964844,BHARTIARTL.NS
154,154,2019-08-14,361.2000122070313,BHARTIARTL.NS
155,155,2019-08-16,361.5499877929688,BHARTIARTL.NS
156,156,2019-08-19,361.0,BHARTIARTL.NS
157,157,2019-08-20,358.04998779296875,BHARTIARTL.NS
158,158,2019-08-21,354.8999938964844,BHARTIARTL.NS
159,159,2019-08-22,352.75,BHARTIARTL.NS
160,160,2019-08-23,356.3999938964844,BHARTIARTL.NS
161,161,2019-08-26,360.6499938964844,BHARTIARTL.NS
162,162,2019-08-27,348.29998779296875,BHARTIARTL.NS
163,163,2019-08-28,345.79998779296875,BHARTIARTL.NS
164,164,2019-08-29,343.5,BHARTIARTL.NS
165,165,2019-08-30,346.79998779296875,BHARTIARTL.NS
166,166,2019-09-03,336.8500061035156,BHARTIARTL.NS
167,167,2019-09-04,345.70001220703125,BHARTIARTL.NS
168,168,2019-09-05,347.70001220703125,BHARTIARTL.NS
169,169,2019-09-06,349.25,BHARTIARTL.NS
170,170,2019-09-09,356.45001220703125,BHARTIARTL.NS
171,171,2019-09-11,355.1000061035156,BHARTIARTL.NS
172,172,2019-09-12,347.54998779296875,BHARTIARTL.NS
173,173,2019-09-13,343.04998779296875,BHARTIARTL.NS
174,174,2019-09-16,344.0,BHARTIARTL.NS
175,175,2019-09-17,339.8500061035156,BHARTIARTL.NS
176,176,2019-09-18,335.6000061035156,BHARTIARTL.NS
177,177,2019-09-19,337.6000061035156,BHARTIARTL.NS
178,178,2019-09-20,356.3999938964844,BHARTIARTL.NS
179,179,2019-09-23,348.0,BHARTIARTL.NS
180,180,2019-09-24,348.6499938964844,BHARTIARTL.NS
181,181,2019-09-25,341.6499938964844,BHARTIARTL.NS
182,182,2019-09-26,344.04998779296875,BHARTIARTL.NS
183,183,2019-09-27,349.1000061035156,BHARTIARTL.NS
184,184,2019-09-30,367.0499877929688,BHARTIARTL.NS
185,185,2019-10-01,350.95001220703125,BHARTIARTL.NS
186,186,2019-10-03,344.8999938964844,BHARTIARTL.NS
187,187,2019-10-04,339.5,BHARTIARTL.NS
188,188,2019-10-07,341.54998779296875,BHARTIARTL.NS
189,189,2019-10-09,359.3999938964844,BHARTIARTL.NS
190,190,2019-10-10,377.25,BHARTIARTL.NS
191,191,2019-10-11,382.8999938964844,BHARTIARTL.NS
192,192,2019-10-14,393.5499877929688,BHARTIARTL.NS
193,193,2019-10-15,383.6499938964844,BHARTIARTL.NS
194,194,2019-10-16,385.25,BHARTIARTL.NS
195,195,2019-10-17,385.8500061035156,BHARTIARTL.NS
196,196,2019-10-18,383.5,BHARTIARTL.NS
197,197,2019-10-22,374.1000061035156,BHARTIARTL.NS
198,198,2019-10-23,360.3500061035156,BHARTIARTL.NS
199,199,2019-10-24,372.3500061035156,BHARTIARTL.NS
200,200,2019-10-25,375.1499938964844,BHARTIARTL.NS
201,201,2019-10-27,373.1000061035156,BHARTIARTL.NS
202,202,2019-10-29,359.8999938964844,BHARTIARTL.NS
203,203,2019-10-30,367.9500122070313,BHARTIARTL.NS
204,204,2019-10-31,374.25,BHARTIARTL.NS
205,205,2019-11-01,373.0499877929688,BHARTIARTL.NS
206,206,2019-11-04,378.0,BHARTIARTL.NS
207,207,2019-11-05,383.9500122070313,BHARTIARTL.NS
208,208,2019-11-06,371.4500122070313,BHARTIARTL.NS
209,209,2019-11-07,371.75,BHARTIARTL.NS
210,210,2019-11-08,369.1499938964844,BHARTIARTL.NS
211,211,2019-11-11,371.5,BHARTIARTL.NS
212,212,2019-11-13,368.6000061035156,BHARTIARTL.NS
213,213,2019-11-14,362.5,BHARTIARTL.NS
214,214,2019-11-15,393.0499877929688,BHARTIARTL.NS
215,215,2019-11-18,409.2000122070313,BHARTIARTL.NS
216,216,2019-11-19,439.3500061035156,BHARTIARTL.NS
217,217,2019-11-20,437.2999877929688,BHARTIARTL.NS
218,218,2019-11-21,426.2999877929688,BHARTIARTL.NS
219,219,2019-11-22,420.6499938964844,BHARTIARTL.NS
220,220,2019-11-25,451.3999938964844,BHARTIARTL.NS
221,221,2019-11-26,432.3500061035156,BHARTIARTL.NS
222,222,2019-11-27,433.3500061035156,BHARTIARTL.NS
223,223,2019-11-28,436.6499938964844,BHARTIARTL.NS
224,224,2019-11-29,442.4500122070313,BHARTIARTL.NS
225,225,2019-12-02,458.6000061035156,BHARTIARTL.NS
226,226,2019-12-03,459.1000061035156,BHARTIARTL.NS
227,227,2019-12-04,461.3999938964844,BHARTIARTL.NS
228,228,2019-12-05,447.3500061035156,BHARTIARTL.NS
229,229,2019-12-06,444.8500061035156,BHARTIARTL.NS
230,230,2019-12-09,445.8500061035156,BHARTIARTL.NS
231,231,2019-12-10,447.0,BHARTIARTL.NS
232,232,2019-12-11,442.75,BHARTIARTL.NS
233,233,2019-12-12,438.6499938964844,BHARTIARTL.NS
234,234,2019-12-13,427.7999877929688,BHARTIARTL.NS
235,235,2019-12-16,421.8500061035156,BHARTIARTL.NS
236,236,2019-12-17,439.9500122070313,BHARTIARTL.NS
237,237,2019-12-18,438.2999877929688,BHARTIARTL.NS
238,238,2019-12-19,449.4500122070313,BHARTIARTL.NS
239,239,2019-12-20,453.7999877929688,BHARTIARTL.NS
240,240,2019-12-23,454.7999877929688,BHARTIARTL.NS
241,241,2019-12-24,457.1499938964844,BHARTIARTL.NS
242,242,2019-12-26,447.5499877929688,BHARTIARTL.NS
243,243,2019-12-27,455.1000061035156,BHARTIARTL.NS
244,244,2019-12-30,460.5,BHARTIARTL.NS
245,245,2019-12-31,455.7999877929688,BHARTIARTL.NS
246,246,2020-01-01,453.2999877929688,BHARTIARTL.NS
247,247,2020-01-02,455.2000122070313,BHARTIARTL.NS
248,248,2020-01-03,455.1000061035156,BHARTIARTL.NS
249,249,2020-01-06,449.6499938964844,BHARTIARTL.NS
250,250,2020-01-07,445.1000061035156,BHARTIARTL.NS
251,251,2020-01-08,458.8500061035156,BHARTIARTL.NS
252,252,2020-01-09,460.1000061035156,BHARTIARTL.NS
253,253,2020-01-10,457.0,BHARTIARTL.NS
254,254,2020-01-13,468.8999938964844,BHARTIARTL.NS
255,255,2020-01-14,469.3500061035156,BHARTIARTL.NS
256,256,2020-01-15,467.8500061035156,BHARTIARTL.NS
257,257,2020-01-16,473.8999938964844,BHARTIARTL.NS
258,258,2020-01-17,500.0499877929688,BHARTIARTL.NS
259,259,2020-01-20,508.7000122070313,BHARTIARTL.NS
260,260,2020-01-21,511.75,BHARTIARTL.NS
261,261,2020-01-22,514.5,BHARTIARTL.NS
262,262,2020-01-23,523.6500244140625,BHARTIARTL.NS
263,263,2020-01-24,524.25,BHARTIARTL.NS
264,264,2020-01-27,514.4000244140625,BHARTIARTL.NS
265,265,2020-01-28,491.25,BHARTIARTL.NS
266,266,2020-01-29,490.25,BHARTIARTL.NS
267,267,2020-01-30,489.7999877929688,BHARTIARTL.NS
268,268,2020-01-31,496.4500122070313,BHARTIARTL.NS
269,269,2020-02-03,510.0499877929688,BHARTIARTL.NS
270,270,2020-02-04,518.9000244140625,BHARTIARTL.NS
271,271,2020-02-05,533.3499755859375,BHARTIARTL.NS
272,272,2020-02-06,546.7999877929688,BHARTIARTL.NS
273,273,2020-02-07,539.4500122070312,BHARTIARTL.NS
274,274,2020-02-10,538.7000122070312,BHARTIARTL.NS
275,275,2020-02-11,534.2999877929688,BHARTIARTL.NS
276,276,2020-02-12,539.5999755859375,BHARTIARTL.NS
277,277,2020-02-13,539.9500122070312,BHARTIARTL.NS
278,278,2020-02-14,565.0,BHARTIARTL.NS
279,279,2020-02-17,564.8499755859375,BHARTIARTL.NS
280,280,2020-02-18,548.25,BHARTIARTL.NS
281,281,2020-02-19,543.4000244140625,BHARTIARTL.NS
282,282,2020-02-20,545.5999755859375,BHARTIARTL.NS
283,283,2020-02-24,529.9000244140625,BHARTIARTL.NS
284,284,2020-02-25,535.25,BHARTIARTL.NS
285,285,2020-02-26,535.9500122070312,BHARTIARTL.NS
286,286,2020-02-27,531.6500244140625,BHARTIARTL.NS
287,287,2020-02-28,523.5,BHARTIARTL.NS
288,288,2020-03-02,518.3499755859375,BHARTIARTL.NS
289,289,2020-03-03,520.7999877929688,BHARTIARTL.NS
290,290,2020-03-04,516.75,BHARTIARTL.NS
291,291,2020-03-05,526.9000244140625,BHARTIARTL.NS
292,292,2020-03-06,519.1500244140625,BHARTIARTL.NS
293,293,2020-03-09,496.25,BHARTIARTL.NS
294,294,2020-03-11,493.7999877929688,BHARTIARTL.NS
295,295,2020-03-12,464.9500122070313,BHARTIARTL.NS
296,296,2020-03-13,491.8500061035156,BHARTIARTL.NS
297,297,2020-03-16,464.7999877929688,BHARTIARTL.NS
298,298,2020-03-17,454.7000122070313,BHARTIARTL.NS
299,299,2020-03-18,425.5499877929688,BHARTIARTL.NS
300,300,2020-03-19,444.75,BHARTIARTL.NS
301,301,2020-03-20,462.6499938964844,BHARTIARTL.NS
302,302,2020-03-23,407.3500061035156,BHARTIARTL.NS
303,303,2020-03-24,404.0499877929688,BHARTIARTL.NS
304,304,2020-03-25,429.1000061035156,BHARTIARTL.NS
305,305,2020-03-26,470.7000122070313,BHARTIARTL.NS
306,306,2020-03-27,448.9500122070313,BHARTIARTL.NS
307,307,2020-03-30,431.0499877929688,BHARTIARTL.NS
308,308,2020-03-31,440.8999938964844,BHARTIARTL.NS
309,309,2020-04-01,421.3500061035156,BHARTIARTL.NS
310,310,2020-04-03,423.9500122070313,BHARTIARTL.NS
311,311,2020-04-07,470.2000122070313,BHARTIARTL.NS
312,312,2020-04-08,461.6499938964844,BHARTIARTL.NS
313,313,2020-04-09,488.7000122070313,BHARTIARTL.NS
314,314,2020-04-13,512.2000122070312,BHARTIARTL.NS
315,315,2020-04-15,510.5,BHARTIARTL.NS
316,316,2020-04-16,500.4500122070313,BHARTIARTL.NS
317,317,2020-04-17,502.4500122070313,BHARTIARTL.NS
318,318,2020-04-20,490.2999877929688,BHARTIARTL.NS
319,319,2020-04-21,500.5,BHARTIARTL.NS
320,320,2020-04-22,501.3999938964844,BHARTIARTL.NS
321,321,2020-04-23,496.0,BHARTIARTL.NS
322,322,2020-04-24,494.25,BHARTIARTL.NS
323,323,2020-04-27,494.0499877929688,BHARTIARTL.NS
324,324,2020-04-28,485.6499938964844,BHARTIARTL.NS
325,325,2020-04-29,496.0,BHARTIARTL.NS
326,326,2020-04-30,514.2999877929688,BHARTIARTL.NS
327,327,2020-05-04,532.5,BHARTIARTL.NS
328,328,2020-05-05,528.0499877929688,BHARTIARTL.NS
329,329,2020-05-06,546.0,BHARTIARTL.NS
330,330,2020-05-07,528.0499877929688,BHARTIARTL.NS
331,331,2020-05-08,530.0499877929688,BHARTIARTL.NS
332,332,2020-05-11,536.2000122070312,BHARTIARTL.NS
333,333,2020-05-12,559.8499755859375,BHARTIARTL.NS
334,334,2020-05-13,555.9500122070312,BHARTIARTL.NS
335,335,2020-05-14,539.8499755859375,BHARTIARTL.NS
336,336,2020-05-15,554.0999755859375,BHARTIARTL.NS
337,337,2020-05-18,538.0499877929688,BHARTIARTL.NS
338,338,2020-05-19,598.7999877929688,BHARTIARTL.NS
339,339,2020-05-20,594.0499877929688,BHARTIARTL.NS
340,340,2020-05-21,594.5499877929688,BHARTIARTL.NS
341,341,2020-05-22,593.2000122070312,BHARTIARTL.NS
342,342,2020-05-26,559.25,BHARTIARTL.NS
343,343,2020-05-27,563.0999755859375,BHARTIARTL.NS
344,344,2020-05-28,562.75,BHARTIARTL.NS
345,345,2020-05-29,552.5999755859375,BHARTIARTL.NS
346,346,2020-06-01,559.0499877929688,BHARTIARTL.NS
347,347,2020-06-02,558.0999755859375,BHARTIARTL.NS
348,348,2020-06-03,551.6500244140625,BHARTIARTL.NS
349,349,2020-06-04,572.4500122070312,BHARTIARTL.NS
350,350,2020-06-05,584.3499755859375,BHARTIARTL.NS
351,351,2020-06-08,585.1500244140625,BHARTIARTL.NS
352,352,2020-06-09,567.7999877929688,BHARTIARTL.NS
353,353,2020-06-10,567.0999755859375,BHARTIARTL.NS
354,354,2020-06-11,551.8499755859375,BHARTIARTL.NS
355,355,2020-06-12,560.0999755859375,BHARTIARTL.NS
356,356,2020-06-15,550.7000122070312,BHARTIARTL.NS
357,357,2020-06-16,544.9000244140625,BHARTIARTL.NS
358,358,2020-06-17,563.4500122070312,BHARTIARTL.NS
359,359,2020-06-18,560.9000244140625,BHARTIARTL.NS
360,360,2020-06-19,572.5,BHARTIARTL.NS
361,361,2020-06-22,581.0499877929688,BHARTIARTL.NS
362,362,2020-06-23,578.7999877929688,BHARTIARTL.NS
363,363,2020-06-24,557.3499755859375,BHARTIARTL.NS
364,364,2020-06-25,559.0,BHARTIARTL.NS
365,365,2020-06-26,560.4000244140625,BHARTIARTL.NS
366,366,2020-06-29,567.0999755859375,BHARTIARTL.NS
367,367,2020-06-30,559.8499755859375,BHARTIARTL.NS
368,368,2020-07-01,560.1500244140625,BHARTIARTL.NS
369,369,2020-07-02,558.4500122070312,BHARTIARTL.NS
370,370,2020-07-03,581.4500122070312,BHARTIARTL.NS
371,371,2020-07-06,576.5999755859375,BHARTIARTL.NS
372,372,2020-07-07,567.1500244140625,BHARTIARTL.NS
373,373,2020-07-08,561.2999877929688,BHARTIARTL.NS
374,374,2020-07-09,568.6500244140625,BHARTIARTL.NS
375,375,2020-07-10,574.7000122070312,BHARTIARTL.NS
376,376,2020-07-13,586.7999877929688,BHARTIARTL.NS
377,377,2020-07-14,589.3499755859375,BHARTIARTL.NS
378,378,2020-07-15,563.5999755859375,BHARTIARTL.NS
379,379,2020-07-16,562.75,BHARTIARTL.NS
380,380,2020-07-17,566.75,BHARTIARTL.NS
381,381,2020-07-20,575.75,BHARTIARTL.NS
382,382,2020-07-21,567.75,BHARTIARTL.NS
383,383,2020-07-22,569.1500244140625,BHARTIARTL.NS
384,384,2020-07-23,567.2000122070312,BHARTIARTL.NS
385,385,2020-07-24,559.4500122070312,BHARTIARTL.NS
386,386,2020-07-27,559.5,BHARTIARTL.NS
387,387,2020-07-28,564.5999755859375,BHARTIARTL.NS
388,388,2020-07-29,566.2000122070312,BHARTIARTL.NS
389,389,2020-07-30,552.7000122070312,BHARTIARTL.NS
390,390,2020-07-31,554.8499755859375,BHARTIARTL.NS
391,391,2020-08-03,547.3499755859375,BHARTIARTL.NS
392,392,2020-08-04,549.0,BHARTIARTL.NS
393,393,2020-08-05,558.9500122070312,BHARTIARTL.NS
394,394,2020-08-06,555.2999877929688,BHARTIARTL.NS
395,395,2020-08-07,560.7999877929688,BHARTIARTL.NS
396,396,2020-08-10,558.8499755859375,BHARTIARTL.NS
397,397,2020-08-11,551.0999755859375,BHARTIARTL.NS
398,398,2020-08-12,547.7000122070312,BHARTIARTL.NS
399,399,2020-08-13,535.3499755859375,BHARTIARTL.NS
400,400,2020-08-14,528.5999755859375,BHARTIARTL.NS
401,401,2020-08-17,521.4000244140625,BHARTIARTL.NS
402,402,2020-08-18,526.2999877929688,BHARTIARTL.NS
403,403,2020-08-19,535.8499755859375,BHARTIARTL.NS
404,404,2020-08-20,525.5499877929688,BHARTIARTL.NS
405,405,2020-08-21,520.25,BHARTIARTL.NS
406,406,2020-08-24,526.9000244140625,BHARTIARTL.NS
407,407,2020-08-25,528.6500244140625,BHARTIARTL.NS
408,408,2020-08-26,514.5,BHARTIARTL.NS
409,409,2020-08-27,511.1499938964844,BHARTIARTL.NS
410,410,2020-08-28,523.4500122070312,BHARTIARTL.NS
411,411,2020-08-31,513.0999755859375,BHARTIARTL.NS
412,412,2020-09-01,546.25,BHARTIARTL.NS
413,413,2020-09-02,550.5499877929688,BHARTIARTL.NS
414,414,2020-09-03,538.0,BHARTIARTL.NS
415,415,2020-09-04,523.1500244140625,BHARTIARTL.NS
416,416,2020-09-07,515.4500122070312,BHARTIARTL.NS
417,417,2020-09-08,498.1000061035156,BHARTIARTL.NS
418,418,2020-09-09,504.25,BHARTIARTL.NS
419,419,2020-09-10,497.3500061035156,BHARTIARTL.NS
420,420,2020-09-11,491.6499938964844,BHARTIARTL.NS
421,421,2020-09-14,474.1000061035156,BHARTIARTL.NS
422,422,2020-09-15,485.5499877929688,BHARTIARTL.NS
423,423,2020-09-16,481.75,BHARTIARTL.NS
424,424,2020-09-17,479.0,BHARTIARTL.NS
425,425,2020-09-18,494.5499877929688,BHARTIARTL.NS
426,426,2020-09-21,467.75,BHARTIARTL.NS
427,427,2020-09-22,470.9500122070313,BHARTIARTL.NS
428,428,2020-09-23,433.7999877929688,BHARTIARTL.NS
429,429,2020-09-24,419.2999877929688,BHARTIARTL.NS
430,430,2020-09-25,439.6499938964844,BHARTIARTL.NS
431,431,2020-09-28,443.6499938964844,BHARTIARTL.NS
432,432,2020-09-29,435.6000061035156,BHARTIARTL.NS
433,433,2020-09-30,420.9500122070313,BHARTIARTL.NS
434,434,2020-10-01,432.3500061035156,BHARTIARTL.NS
435,435,2020-10-05,424.4500122070313,BHARTIARTL.NS
436,436,2020-10-06,426.75,BHARTIARTL.NS
437,437,2020-10-07,422.4500122070313,BHARTIARTL.NS
438,438,2020-10-08,424.4500122070313,BHARTIARTL.NS
439,439,2020-10-09,425.2000122070313,BHARTIARTL.NS
440,440,2020-10-12,415.0499877929688,BHARTIARTL.NS
441,441,2020-10-13,415.2999877929688,BHARTIARTL.NS
442,442,2020-10-14,413.25,BHARTIARTL.NS
443,443,2020-10-15,399.2000122070313,BHARTIARTL.NS
444,444,2020-10-16,401.6499938964844,BHARTIARTL.NS
445,445,2020-10-19,397.7000122070313,BHARTIARTL.NS
446,446,2020-10-20,405.0,BHARTIARTL.NS
447,447,2020-10-21,419.0,BHARTIARTL.NS
448,448,2020-10-22,430.6499938964844,BHARTIARTL.NS
449,449,2020-10-23,434.3999938964844,BHARTIARTL.NS
450,450,2020-10-26,434.0499877929688,BHARTIARTL.NS
451,451,2020-10-27,433.3500061035156,BHARTIARTL.NS
452,452,2020-10-28,451.8500061035156,BHARTIARTL.NS
453,453,2020-10-29,450.7999877929688,BHARTIARTL.NS
454,454,2020-10-30,433.75,BHARTIARTL.NS
455,455,2020-11-02,457.3999938964844,BHARTIARTL.NS
456,456,2020-11-03,454.6000061035156,BHARTIARTL.NS
457,457,2020-11-04,453.0499877929688,BHARTIARTL.NS
458,458,2020-11-05,457.2999877929688,BHARTIARTL.NS
459,459,2020-11-06,449.8999938964844,BHARTIARTL.NS
460,460,2020-11-09,471.7999877929688,BHARTIARTL.NS
461,461,2020-11-10,466.3999938964844,BHARTIARTL.NS
462,462,2020-11-11,478.6000061035156,BHARTIARTL.NS
463,463,2020-11-12,479.8500061035156,BHARTIARTL.NS
464,464,2020-11-13,475.75,BHARTIARTL.NS
465,465,2020-11-14,481.5,BHARTIARTL.NS
466,466,2020-11-17,484.5499877929688,BHARTIARTL.NS
467,467,2020-11-18,478.3999938964844,BHARTIARTL.NS
468,468,2020-11-19,468.5499877929688,BHARTIARTL.NS
469,469,2020-11-20,483.7000122070313,BHARTIARTL.NS
470,470,2020-11-23,477.25,BHARTIARTL.NS
471,471,2020-11-24,474.25,BHARTIARTL.NS
472,472,2020-11-25,464.1000061035156,BHARTIARTL.NS
473,473,2020-11-26,468.3999938964844,BHARTIARTL.NS
474,474,2020-11-27,463.25,BHARTIARTL.NS
475,475,2020-12-01,479.4500122070313,BHARTIARTL.NS
476,476,2020-12-02,484.8999938964844,BHARTIARTL.NS
477,477,2020-12-03,479.8999938964844,BHARTIARTL.NS
478,478,2020-12-04,493.75,BHARTIARTL.NS
479,479,2020-12-07,508.9500122070313,BHARTIARTL.NS
480,480,2020-12-08,503.6000061035156,BHARTIARTL.NS
481,481,2020-12-09,503.0499877929688,BHARTIARTL.NS
482,482,2020-12-10,505.1499938964844,BHARTIARTL.NS
483,483,2020-12-11,504.3999938964844,BHARTIARTL.NS
484,484,2020-12-14,503.0499877929688,BHARTIARTL.NS
485,485,2020-12-15,504.2000122070313,BHARTIARTL.NS
486,486,2020-12-16,516.2000122070312,BHARTIARTL.NS
487,487,2020-12-17,515.0999755859375,BHARTIARTL.NS
488,488,2020-12-18,510.6499938964844,BHARTIARTL.NS
489,489,2020-12-21,490.8999938964844,BHARTIARTL.NS
490,490,2020-12-22,500.2999877929688,BHARTIARTL.NS
491,491,2020-12-23,507.2000122070313,BHARTIARTL.NS
492,492,2020-12-24,517.2999877929688,BHARTIARTL.NS
493,493,2020-12-28,521.5999755859375,BHARTIARTL.NS
494,494,2020-12-29,520.25,BHARTIARTL.NS
495,495,2020-12-30,516.1500244140625,BHARTIARTL.NS
496,496,2020-12-31,509.7000122070313,BHARTIARTL.NS
497,497,2021-01-01,515.1500244140625,BHARTIARTL.NS
498,498,2021-01-04,517.0999755859375,BHARTIARTL.NS
499,499,2021-01-05,514.0,BHARTIARTL.NS
500,500,2021-01-06,525.2999877929688,BHARTIARTL.NS
501,501,2021-01-07,545.25,BHARTIARTL.NS
502,502,2021-01-08,540.25,BHARTIARTL.NS
503,503,2021-01-11,547.1500244140625,BHARTIARTL.NS
504,504,2021-01-12,565.75,BHARTIARTL.NS
505,505,2021-01-13,578.25,BHARTIARTL.NS
506,506,2021-01-14,580.5499877929688,BHARTIARTL.NS
507,507,2021-01-15,602.6500244140625,BHARTIARTL.NS
508,508,2021-01-18,586.9500122070312,BHARTIARTL.NS
509,509,2021-01-19,592.2999877929688,BHARTIARTL.NS
510,510,2021-01-20,596.1500244140625,BHARTIARTL.NS
511,511,2021-01-21,581.3499755859375,BHARTIARTL.NS
512,512,2021-01-22,576.8499755859375,BHARTIARTL.NS
513,513,2021-01-25,580.75,BHARTIARTL.NS
514,514,2021-01-27,570.7999877929688,BHARTIARTL.NS
515,515,2021-01-28,570.9000244140625,BHARTIARTL.NS
516,516,2021-01-29,553.5999755859375,BHARTIARTL.NS
517,517,2021-02-01,579.1500244140625,BHARTIARTL.NS
518,518,2021-02-02,599.3499755859375,BHARTIARTL.NS
519,519,2021-02-03,608.8499755859375,BHARTIARTL.NS
520,520,2021-02-04,600.5999755859375,BHARTIARTL.NS
521,521,2021-02-05,581.0999755859375,BHARTIARTL.NS
522,522,2021-02-08,597.2999877929688,BHARTIARTL.NS
523,523,2021-02-09,598.9500122070312,BHARTIARTL.NS
524,524,2021-02-10,590.2000122070312,BHARTIARTL.NS
525,525,2021-02-11,598.0999755859375,BHARTIARTL.NS
526,526,2021-02-12,586.25,BHARTIARTL.NS
527,527,2021-02-15,593.7000122070312,BHARTIARTL.NS
528,528,2021-02-16,593.9500122070312,BHARTIARTL.NS
529,529,2021-02-17,593.8499755859375,BHARTIARTL.NS
530,530,2021-02-18,589.0499877929688,BHARTIARTL.NS
531,531,2021-02-19,581.3499755859375,BHARTIARTL.NS
532,532,2021-02-22,570.2999877929688,BHARTIARTL.NS
533,533,2021-02-23,565.5499877929688,BHARTIARTL.NS
534,534,2021-02-24,572.9500122070312,BHARTIARTL.NS
535,535,2021-02-25,579.1500244140625,BHARTIARTL.NS
536,536,2021-02-26,556.2999877929688,BHARTIARTL.NS
537,537,2021-03-01,532.2000122070312,BHARTIARTL.NS
538,538,2021-03-02,541.2000122070312,BHARTIARTL.NS
539,539,2021-03-03,546.2999877929688,BHARTIARTL.NS
540,540,2021-03-04,539.5999755859375,BHARTIARTL.NS
541,541,2021-03-05,532.7999877929688,BHARTIARTL.NS
542,542,2021-03-08,525.7000122070312,BHARTIARTL.NS
543,543,2021-03-09,521.75,BHARTIARTL.NS
544,544,2021-03-10,525.8499755859375,BHARTIARTL.NS
545,545,2021-03-12,524.2000122070312,BHARTIARTL.NS
546,546,2021-03-15,522.8499755859375,BHARTIARTL.NS
547,547,2021-03-16,529.2999877929688,BHARTIARTL.NS
548,548,2021-03-17,522.9000244140625,BHARTIARTL.NS
549,549,2021-03-18,527.2000122070312,BHARTIARTL.NS
550,550,2021-03-19,529.9500122070312,BHARTIARTL.NS
551,551,2021-03-22,528.0,BHARTIARTL.NS
552,552,2021-03-23,529.25,BHARTIARTL.NS
553,553,2021-03-24,523.6500244140625,BHARTIARTL.NS
554,554,2021-03-25,507.75,BHARTIARTL.NS
555,555,2021-03-26,522.5,BHARTIARTL.NS
556,556,2021-03-30,521.5,BHARTIARTL.NS
557,557,2021-03-31,517.2999877929688,BHARTIARTL.NS
558,558,2021-04-01,520.7999877929688,BHARTIARTL.NS
559,559,2021-04-05,528.25,BHARTIARTL.NS
560,560,2021-04-06,532.2000122070312,BHARTIARTL.NS
561,561,2021-04-07,541.5999755859375,BHARTIARTL.NS
562,562,2021-04-08,543.0,BHARTIARTL.NS
563,563,2021-04-09,545.25,BHARTIARTL.NS
564,564,2021-04-12,522.4500122070312,BHARTIARTL.NS
565,565,2021-04-13,536.1500244140625,BHARTIARTL.NS
566,566,2021-04-15,539.3499755859375,BHARTIARTL.NS
567,567,2021-04-16,540.75,BHARTIARTL.NS
568,568,2021-04-19,526.4500122070312,BHARTIARTL.NS
569,569,2021-04-20,530.2000122070312,BHARTIARTL.NS
570,570,2021-04-22,530.8499755859375,BHARTIARTL.NS
571,571,2021-04-23,522.5999755859375,BHARTIARTL.NS
572,572,2021-04-26,527.5499877929688,BHARTIARTL.NS
573,573,2021-04-27,534.2999877929688,BHARTIARTL.NS
574,574,2021-04-28,544.2999877929688,BHARTIARTL.NS
575,575,2021-04-29,540.8499755859375,BHARTIARTL.NS
576,576,2021-04-30,536.75,BHARTIARTL.NS
577,577,2021-05-03,558.8499755859375,BHARTIARTL.NS
578,578,2021-05-04,552.4500122070312,BHARTIARTL.NS
579,579,2021-05-05,559.9500122070312,BHARTIARTL.NS
580,580,2021-05-06,558.75,BHARTIARTL.NS
581,581,2021-05-07,568.5,BHARTIARTL.NS
582,582,2021-05-10,572.5499877929688,BHARTIARTL.NS
583,583,2021-05-11,568.4000244140625,BHARTIARTL.NS
584,584,2021-05-12,561.75,BHARTIARTL.NS
585,585,2021-05-14,560.4000244140625,BHARTIARTL.NS
586,586,2021-05-17,549.6500244140625,BHARTIARTL.NS
587,587,2021-05-18,536.3499755859375,BHARTIARTL.NS
588,588,2021-05-19,528.2000122070312,BHARTIARTL.NS
589,589,2021-05-20,520.6500244140625,BHARTIARTL.NS
590,590,2021-05-21,530.9500122070312,BHARTIARTL.NS
591,591,2021-05-24,526.7999877929688,BHARTIARTL.NS
592,592,2021-05-25,526.0999755859375,BHARTIARTL.NS
593,593,2021-05-26,525.75,BHARTIARTL.NS
594,594,2021-05-27,519.7999877929688,BHARTIARTL.NS
595,595,2021-05-28,523.5999755859375,BHARTIARTL.NS
596,596,2021-05-31,534.9000244140625,BHARTIARTL.NS
597,597,2021-06-01,532.9000244140625,BHARTIARTL.NS
598,598,2021-06-02,529.5,BHARTIARTL.NS
599,599,2021-06-03,532.0499877929688,BHARTIARTL.NS
600,600,2021-06-04,532.7000122070312,BHARTIARTL.NS
601,601,2021-06-07,536.4500122070312,BHARTIARTL.NS
602,602,2021-06-08,546.7999877929688,BHARTIARTL.NS
603,603,2021-06-09,540.0,BHARTIARTL.NS
604,604,2021-06-10,545.1500244140625,BHARTIARTL.NS
605,605,2021-06-11,540.8499755859375,BHARTIARTL.NS
606,606,2021-06-14,539.3499755859375,BHARTIARTL.NS
607,607,2021-06-15,542.5,BHARTIARTL.NS
608,608,2021-06-16,536.75,BHARTIARTL.NS
609,609,2021-06-17,528.6500244140625,BHARTIARTL.NS
610,610,2021-06-18,538.75,BHARTIARTL.NS
611,611,2021-06-21,539.5999755859375,BHARTIARTL.NS
612,612,2021-06-22,536.4000244140625,BHARTIARTL.NS
613,613,2021-06-23,534.0499877929688,BHARTIARTL.NS
614,614,2021-06-24,528.75,BHARTIARTL.NS
615,615,2021-06-25,535.0999755859375,BHARTIARTL.NS
616,616,2021-06-28,531.2000122070312,BHARTIARTL.NS
617,617,2021-06-29,524.9500122070312,BHARTIARTL.NS
618,618,2021-06-30,525.6500244140625,BHARTIARTL.NS
619,619,2021-07-01,522.6500244140625,BHARTIARTL.NS
620,620,2021-07-02,525.0,BHARTIARTL.NS
621,621,2021-07-05,523.9500122070312,BHARTIARTL.NS
622,622,2021-07-06,526.0999755859375,BHARTIARTL.NS
623,623,2021-07-07,529.5999755859375,BHARTIARTL.NS
624,624,2021-07-08,525.2999877929688,BHARTIARTL.NS
625,625,2021-07-09,536.25,BHARTIARTL.NS
626,626,2021-07-12,529.6500244140625,BHARTIARTL.NS
627,627,2021-07-13,530.0499877929688,BHARTIARTL.NS
628,628,2021-07-14,530.0499877929688,BHARTIARTL.NS
629,629,2021-07-15,525.4500122070312,BHARTIARTL.NS
630,630,2021-07-16,541.1500244140625,BHARTIARTL.NS
631,631,2021-07-19,538.4500122070312,BHARTIARTL.NS
632,632,2021-07-20,525.75,BHARTIARTL.NS
633,633,2021-07-22,546.7000122070312,BHARTIARTL.NS
634,634,2021-07-23,548.2999877929688,BHARTIARTL.NS
635,635,2021-07-26,544.0499877929688,BHARTIARTL.NS
636,636,2021-07-27,540.5499877929688,BHARTIARTL.NS
637,637,2021-07-28,567.9000244140625,BHARTIARTL.NS
638,638,2021-07-29,567.1500244140625,BHARTIARTL.NS
639,639,2021-07-30,561.6500244140625,BHARTIARTL.NS
640,640,2021-08-02,565.1500244140625,BHARTIARTL.NS
641,641,2021-08-03,580.2000122070312,BHARTIARTL.NS
642,642,2021-08-04,574.4000244140625,BHARTIARTL.NS
643,643,2021-08-05,598.7000122070312,BHARTIARTL.NS
644,644,2021-08-06,607.9000244140625,BHARTIARTL.NS
645,645,2021-08-09,599.25,BHARTIARTL.NS
646,646,2021-08-10,622.2000122070312,BHARTIARTL.NS
647,647,2021-08-11,620.8499755859375,BHARTIARTL.NS
648,648,2021-08-12,623.1500244140625,BHARTIARTL.NS
649,649,2021-08-13,637.0499877929688,BHARTIARTL.NS
650,650,2021-08-16,634.0499877929688,BHARTIARTL.NS
651,651,2021-08-17,626.3499755859375,BHARTIARTL.NS
652,652,2021-08-18,622.9500122070312,BHARTIARTL.NS
653,653,2021-08-20,613.7000122070312,BHARTIARTL.NS
654,654,2021-08-23,622.6500244140625,BHARTIARTL.NS
655,655,2021-08-24,620.0999755859375,BHARTIARTL.NS
656,656,2021-08-25,612.4500122070312,BHARTIARTL.NS
657,657,2021-08-26,586.9000244140625,BHARTIARTL.NS
658,658,2021-08-27,595.1500244140625,BHARTIARTL.NS
659,659,2021-08-30,620.4500122070312,BHARTIARTL.NS
660,660,2021-08-31,664.0499877929688,BHARTIARTL.NS
661,661,2021-09-01,666.4000244140625,BHARTIARTL.NS
662,662,2021-09-02,666.5,BHARTIARTL.NS
663,663,2021-09-03,658.4500122070312,BHARTIARTL.NS
664,664,2021-09-06,654.5999755859375,BHARTIARTL.NS
665,665,2021-09-07,670.5499877929688,BHARTIARTL.NS
666,666,2021-09-08,667.8499755859375,BHARTIARTL.NS
667,667,2021-09-09,686.1500244140625,BHARTIARTL.NS
668,668,2021-09-13,693.2999877929688,BHARTIARTL.NS
669,669,2021-09-14,681.4066162109375,BHARTIARTL.NS
670,670,2021-09-15,712.1297607421875,BHARTIARTL.NS
671,671,2021-09-16,705.35693359375,BHARTIARTL.NS
672,672,2021-09-17,714.7308959960938,BHARTIARTL.NS
673,673,2021-09-20,711.5899047851562,BHARTIARTL.NS
674,674,2021-09-21,713.258544921875,BHARTIARTL.NS
675,675,2021-09-22,713.3567504882812,BHARTIARTL.NS
676,676,2021-09-23,713.4058227539062,BHARTIARTL.NS
677,677,2021-09-24,725.7736206054688,BHARTIARTL.NS
678,678,2021-09-27,722.5499877929688,BHARTIARTL.NS
679,679,2021-09-28,696.1500244140625,BHARTIARTL.NS
680,680,2021-09-29,694.0999755859375,BHARTIARTL.NS
681,681,2021-09-30,688.2999877929688,BHARTIARTL.NS
682,682,2021-10-01,675.9000244140625,BHARTIARTL.NS
683,683,2021-10-04,681.4000244140625,BHARTIARTL.NS
684,684,2021-10-05,699.25,BHARTIARTL.NS
685,685,2021-10-06,691.4000244140625,BHARTIARTL.NS
686,686,2021-10-07,692.5,BHARTIARTL.NS
687,687,2021-10-08,695.5,BHARTIARTL.NS
688,688,2021-10-11,690.8499755859375,BHARTIARTL.NS
689,689,2021-10-12,686.3499755859375,BHARTIARTL.NS
690,690,2021-10-13,689.9000244140625,BHARTIARTL.NS
691,691,2021-10-14,685.7999877929688,BHARTIARTL.NS
692,692,2021-10-18,680.5999755859375,BHARTIARTL.NS
693,693,2021-10-19,681.0999755859375,BHARTIARTL.NS
694,694,2021-10-20,708.4500122070312,BHARTIARTL.NS
695,695,2021-10-21,696.0499877929688,BHARTIARTL.NS
696,696,2021-10-22,694.5,BHARTIARTL.NS
697,697,2021-10-25,691.0999755859375,BHARTIARTL.NS
698,698,2021-10-26,696.2000122070312,BHARTIARTL.NS
699,699,2021-10-27,702.3499755859375,BHARTIARTL.NS
700,700,2021-10-28,689.75,BHARTIARTL.NS
701,701,2021-10-29,685.3499755859375,BHARTIARTL.NS
702,702,2021-11-01,712.5,BHARTIARTL.NS
703,703,2021-11-02,713.9500122070312,BHARTIARTL.NS
704,704,2021-11-03,699.0999755859375,BHARTIARTL.NS
705,705,2021-11-04,701.0999755859375,BHARTIARTL.NS
706,706,2021-11-08,709.0,BHARTIARTL.NS
707,707,2021-11-09,713.2000122070312,BHARTIARTL.NS
708,708,2021-11-10,735.4500122070312,BHARTIARTL.NS
709,709,2021-11-11,728.5999755859375,BHARTIARTL.NS
710,710,2021-11-12,743.5,BHARTIARTL.NS
711,711,2021-11-15,737.5499877929688,BHARTIARTL.NS
712,712,2021-11-16,730.2999877929688,BHARTIARTL.NS
713,713,2021-11-17,720.0499877929688,BHARTIARTL.NS
714,714,2021-11-18,714.3499755859375,BHARTIARTL.NS
715,715,2021-11-22,742.0999755859375,BHARTIARTL.NS
716,716,2021-11-23,758.9000244140625,BHARTIARTL.NS
717,717,2021-11-24,758.9000244140625,BHARTIARTL.NS
718,718,2021-11-25,765.1500244140625,BHARTIARTL.NS
719,719,2021-11-26,738.75,BHARTIARTL.NS
720,720,2021-11-29,739.3499755859375,BHARTIARTL.NS
721,721,2021-11-30,728.25,BHARTIARTL.NS
722,722,2021-12-01,722.25,BHARTIARTL.NS
723,723,2021-12-02,732.5499877929688,BHARTIARTL.NS
724,724,2021-12-03,718.3499755859375,BHARTIARTL.NS
725,725,2021-12-06,697.5999755859375,BHARTIARTL.NS
726,726,2021-12-07,698.8499755859375,BHARTIARTL.NS
727,727,2021-12-08,715.1500244140625,BHARTIARTL.NS
728,728,2021-12-09,713.9500122070312,BHARTIARTL.NS
729,729,2021-12-10,710.7000122070312,BHARTIARTL.NS
730,730,2021-12-13,703.0999755859375,BHARTIARTL.NS
731,731,2021-12-14,691.5999755859375,BHARTIARTL.NS
732,732,2021-12-15,685.4500122070312,BHARTIARTL.NS
733,733,2021-12-16,681.4000244140625,BHARTIARTL.NS
734,734,2021-12-17,666.0499877929688,BHARTIARTL.NS
735,735,2021-12-20,658.25,BHARTIARTL.NS
736,736,2021-12-21,667.0,BHARTIARTL.NS
737,737,2021-12-22,684.75,BHARTIARTL.NS
738,738,2021-12-23,678.75,BHARTIARTL.NS
739,739,2021-12-24,677.0499877929688,BHARTIARTL.NS
740,740,2021-12-27,675.75,BHARTIARTL.NS
741,741,2021-12-28,680.0499877929688,BHARTIARTL.NS
742,742,2021-12-29,676.8499755859375,BHARTIARTL.NS
743,743,2021-12-30,679.3499755859375,BHARTIARTL.NS
744,744,2021-12-31,683.7999877929688,BHARTIARTL.NS
745,745,2022-01-03,691.2999877929688,BHARTIARTL.NS
746,746,2022-01-04,697.4500122070312,BHARTIARTL.NS
747,747,2022-01-05,700.0,BHARTIARTL.NS
748,748,2022-01-06,710.4000244140625,BHARTIARTL.NS
749,749,2022-01-07,704.7000122070312,BHARTIARTL.NS
750,750,2022-01-10,704.9500122070312,BHARTIARTL.NS
751,751,2022-01-11,703.4500122070312,BHARTIARTL.NS
752,752,2022-01-12,730.2000122070312,BHARTIARTL.NS
753,753,2022-01-13,731.7999877929688,BHARTIARTL.NS
754,754,2022-01-14,720.5999755859375,BHARTIARTL.NS
755,755,2022-01-17,728.5999755859375,BHARTIARTL.NS
756,756,2022-01-18,714.3499755859375,BHARTIARTL.NS
757,757,2022-01-19,703.7000122070312,BHARTIARTL.NS
758,758,2022-01-20,715.4000244140625,BHARTIARTL.NS
759,759,2022-01-21,695.25,BHARTIARTL.NS
760,760,2022-01-24,689.9000244140625,BHARTIARTL.NS
761,761,2022-01-25,711.8499755859375,BHARTIARTL.NS
762,762,2022-01-27,707.25,BHARTIARTL.NS
763,763,2022-01-28,715.7999877929688,BHARTIARTL.NS
764,764,2022-01-31,729.2999877929688,BHARTIARTL.NS
765,765,2022-02-01,723.0499877929688,BHARTIARTL.NS
766,766,2022-02-02,725.0499877929688,BHARTIARTL.NS
767,767,2022-02-03,721.6500244140625,BHARTIARTL.NS
768,768,2022-02-04,720.2000122070312,BHARTIARTL.NS
769,769,2022-02-07,706.5,BHARTIARTL.NS
770,770,2022-02-08,708.9000244140625,BHARTIARTL.NS
771,771,2022-02-09,719.3499755859375,BHARTIARTL.NS
772,772,2022-02-10,724.0499877929688,BHARTIARTL.NS
773,773,2022-02-11,715.1500244140625,BHARTIARTL.NS
774,774,2022-02-14,689.7000122070312,BHARTIARTL.NS
775,775,2022-02-15,711.5499877929688,BHARTIARTL.NS
776,776,2022-02-16,721.7999877929688,BHARTIARTL.NS
777,777,2022-02-17,717.0,BHARTIARTL.NS
778,778,2022-02-18,712.5499877929688,BHARTIARTL.NS
779,779,2022-02-21,709.9500122070312,BHARTIARTL.NS
780,780,2022-02-22,699.25,BHARTIARTL.NS
781,781,2022-02-23,704.4000244140625,BHARTIARTL.NS
782,782,2022-02-24,670.9000244140625,BHARTIARTL.NS
783,783,2022-02-25,688.6500244140625,BHARTIARTL.NS
784,784,2022-02-28,686.5,BHARTIARTL.NS
785,785,2022-03-02,674.25,BHARTIARTL.NS
786,786,2022-03-03,672.0499877929688,BHARTIARTL.NS
787,787,2022-03-04,653.7000122070312,BHARTIARTL.NS
788,788,2022-03-07,675.4000244140625,BHARTIARTL.NS
789,789,2022-03-08,683.0,BHARTIARTL.NS
790,790,2022-03-09,691.5,BHARTIARTL.NS
791,791,2022-03-10,697.75,BHARTIARTL.NS
792,792,2022-03-11,694.8499755859375,BHARTIARTL.NS
793,793,2022-03-14,700.4000244140625,BHARTIARTL.NS
794,794,2022-03-15,703.0999755859375,BHARTIARTL.NS
795,795,2022-03-16,712.0,BHARTIARTL.NS
796,796,2022-03-17,722.9000244140625,BHARTIARTL.NS
797,797,2022-03-21,708.2000122070312,BHARTIARTL.NS
798,798,2022-03-22,719.25,BHARTIARTL.NS
799,799,2022-03-23,704.9500122070312,BHARTIARTL.NS
800,800,2022-03-24,706.3499755859375,BHARTIARTL.NS
801,801,2022-03-25,709.3499755859375,BHARTIARTL.NS
802,802,2022-03-28,733.0499877929688,BHARTIARTL.NS
803,803,2022-03-29,754.9500122070312,BHARTIARTL.NS
804,804,2022-03-30,749.5,BHARTIARTL.NS
805,805,2022-03-31,754.9500122070312,BHARTIARTL.NS
806,806,2022-04-01,758.5,BHARTIARTL.NS
807,807,2022-04-04,767.7999877929688,BHARTIARTL.NS
808,808,2022-04-05,766.5999755859375,BHARTIARTL.NS
809,809,2022-04-06,775.6500244140625,BHARTIARTL.NS
810,810,2022-04-07,762.4000244140625,BHARTIARTL.NS
811,811,2022-04-08,762.0999755859375,BHARTIARTL.NS
812,812,2022-04-11,758.0499877929688,BHARTIARTL.NS
813,813,2022-04-12,741.6500244140625,BHARTIARTL.NS
814,814,2022-04-13,740.6500244140625,BHARTIARTL.NS
815,815,2022-04-18,729.5,BHARTIARTL.NS
816,816,2022-04-19,723.5,BHARTIARTL.NS
817,817,2022-04-20,739.3499755859375,BHARTIARTL.NS
818,818,2022-04-21,735.75,BHARTIARTL.NS
819,819,2022-04-22,738.75,BHARTIARTL.NS
820,820,2022-04-25,739.3499755859375,BHARTIARTL.NS
821,821,2022-04-26,756.2999877929688,BHARTIARTL.NS
822,822,2022-04-27,752.5,BHARTIARTL.NS
823,823,2022-04-28,747.3499755859375,BHARTIARTL.NS
824,824,2022-04-29,739.0,BHARTIARTL.NS
825,825,2022-05-02,741.3499755859375,BHARTIARTL.NS
826,826,2022-05-04,722.4000244140625,BHARTIARTL.NS
827,827,2022-05-05,718.9500122070312,BHARTIARTL.NS
828,828,2022-05-06,710.25,BHARTIARTL.NS
829,829,2022-05-09,711.5,BHARTIARTL.NS
830,830,2022-05-10,719.6500244140625,BHARTIARTL.NS
831,831,2022-05-11,722.8499755859375,BHARTIARTL.NS
832,832,2022-05-12,705.4000244140625,BHARTIARTL.NS
833,833,2022-05-13,689.9000244140625,BHARTIARTL.NS
834,834,2022-05-16,693.2000122070312,BHARTIARTL.NS
835,835,2022-05-17,707.0499877929688,BHARTIARTL.NS
836,836,2022-05-18,696.1500244140625,BHARTIARTL.NS
837,837,2022-05-19,674.25,BHARTIARTL.NS
838,838,2022-05-20,687.9000244140625,BHARTIARTL.NS
839,839,2022-05-23,685.8499755859375,BHARTIARTL.NS
840,840,2022-05-24,678.2000122070312,BHARTIARTL.NS
841,841,2022-05-25,688.2000122070312,BHARTIARTL.NS
842,842,2022-05-26,693.6500244140625,BHARTIARTL.NS
843,843,2022-05-27,684.4000244140625,BHARTIARTL.NS
844,844,2022-05-30,699.0499877929688,BHARTIARTL.NS
845,845,2022-05-31,700.2000122070312,BHARTIARTL.NS
846,846,2022-06-01,694.6500244140625,BHARTIARTL.NS
847,847,2022-06-02,695.9500122070312,BHARTIARTL.NS
848,848,2022-06-03,686.5,BHARTIARTL.NS
849,849,2022-06-06,682.9500122070312,BHARTIARTL.NS
850,850,2022-06-07,685.2999877929688,BHARTIARTL.NS
851,851,2022-06-08,663.2999877929688,BHARTIARTL.NS
852,852,2022-06-09,676.3499755859375,BHARTIARTL.NS
853,853,2022-06-10,673.3499755859375,BHARTIARTL.NS
854,854,2022-06-13,671.2999877929688,BHARTIARTL.NS
855,855,2022-06-14,682.0499877929688,BHARTIARTL.NS
856,856,2022-06-15,682.0999755859375,BHARTIARTL.NS
857,857,2022-06-16,654.2000122070312,BHARTIARTL.NS
858,858,2022-06-17,643.6500244140625,BHARTIARTL.NS
859,859,2022-06-20,640.9000244140625,BHARTIARTL.NS
860,860,2022-06-21,654.2999877929688,BHARTIARTL.NS
861,861,2022-06-22,642.8499755859375,BHARTIARTL.NS
862,862,2022-06-23,660.2000122070312,BHARTIARTL.NS
863,863,2022-06-24,671.2000122070312,BHARTIARTL.NS
864,864,2022-06-27,683.9500122070312,BHARTIARTL.NS
865,865,2022-06-28,681.1500244140625,BHARTIARTL.NS
866,866,2022-06-29,687.7999877929688,BHARTIARTL.NS
867,867,2022-06-30,684.9500122070312,BHARTIARTL.NS
868,868,2022-07-01,673.4500122070312,BHARTIARTL.NS
869,869,2022-07-04,681.9000244140625,BHARTIARTL.NS
870,870,2022-07-05,684.4500122070312,BHARTIARTL.NS
871,871,2022-07-06,693.9500122070312,BHARTIARTL.NS
872,872,2022-07-07,686.7999877929688,BHARTIARTL.NS
873,873,2022-07-08,695.1500244140625,BHARTIARTL.NS
874,874,2022-07-11,660.5499877929688,BHARTIARTL.NS
875,875,2022-07-12,663.0,BHARTIARTL.NS
876,876,2022-07-13,643.5,BHARTIARTL.NS
877,877,2022-07-14,641.6500244140625,BHARTIARTL.NS
878,878,2022-07-15,651.7999877929688,BHARTIARTL.NS
879,879,2022-07-18,663.0499877929688,BHARTIARTL.NS
880,880,2022-07-19,672.9000244140625,BHARTIARTL.NS
881,881,2022-07-20,670.6500244140625,BHARTIARTL.NS
882,882,2022-07-21,678.3499755859375,BHARTIARTL.NS
883,883,2022-07-22,678.8499755859375,BHARTIARTL.NS
884,884,2022-07-25,678.4000244140625,BHARTIARTL.NS
885,885,2022-07-26,684.0999755859375,BHARTIARTL.NS
886,886,2022-07-27,674.9000244140625,BHARTIARTL.NS
887,887,2022-07-28,666.8499755859375,BHARTIARTL.NS
888,888,2022-07-29,677.9500122070312,BHARTIARTL.NS
889,889,2022-08-01,694.4500122070312,BHARTIARTL.NS
890,890,2022-08-02,686.7999877929688,BHARTIARTL.NS
891,891,2022-08-03,693.1500244140625,BHARTIARTL.NS
892,892,2022-08-04,694.2999877929688,BHARTIARTL.NS
893,893,2022-08-05,703.6500244140625,BHARTIARTL.NS
894,894,2022-08-08,704.3499755859375,BHARTIARTL.NS
895,895,2022-08-10,715.25,BHARTIARTL.NS
896,896,2022-08-11,709.7999877929688,BHARTIARTL.NS
897,897,2022-08-12,709.7000122070312,BHARTIARTL.NS
898,898,2022-08-16,704.0999755859375,BHARTIARTL.NS
899,899,2022-08-17,722.9500122070312,BHARTIARTL.NS
900,900,2022-08-18,733.2000122070312,BHARTIARTL.NS
901,901,2022-08-19,732.2999877929688,BHARTIARTL.NS
902,902,2022-08-22,727.5999755859375,BHARTIARTL.NS
903,903,2022-08-23,737.5999755859375,BHARTIARTL.NS
904,904,2022-08-24,738.75,BHARTIARTL.NS
905,905,2022-08-25,741.0,BHARTIARTL.NS
906,906,2022-08-26,730.8499755859375,BHARTIARTL.NS
907,907,2022-08-29,720.5999755859375,BHARTIARTL.NS
908,908,2022-08-30,726.5999755859375,BHARTIARTL.NS
909,909,2022-09-01,735.0499877929688,BHARTIARTL.NS
910,910,2022-09-02,735.0,BHARTIARTL.NS
911,911,2022-09-05,740.4000244140625,BHARTIARTL.NS
912,912,2022-09-06,761.25,BHARTIARTL.NS
913,913,2022-09-07,753.0999755859375,BHARTIARTL.NS
914,914,2022-09-08,769.7999877929688,BHARTIARTL.NS
915,915,2022-09-09,765.75,BHARTIARTL.NS
916,916,2022-09-12,769.1500244140625,BHARTIARTL.NS
917,917,2022-09-13,784.25,BHARTIARTL.NS
918,918,2022-09-14,783.3499755859375,BHARTIARTL.NS
919,919,2022-09-15,785.0999755859375,BHARTIARTL.NS
920,920,2022-09-16,779.6500244140625,BHARTIARTL.NS
921,921,2022-09-19,782.75,BHARTIARTL.NS
922,922,2022-09-20,792.1500244140625,BHARTIARTL.NS
923,923,2022-09-21,780.2000122070312,BHARTIARTL.NS
924,924,2022-09-22,784.0999755859375,BHARTIARTL.NS
925,925,2022-09-23,771.3499755859375,BHARTIARTL.NS
926,926,2022-09-26,755.0499877929688,BHARTIARTL.NS
927,927,2022-09-27,760.5999755859375,BHARTIARTL.NS
928,928,2022-09-28,761.4500122070312,BHARTIARTL.NS
929,929,2022-09-29,764.6500244140625,BHARTIARTL.NS
930,930,2022-09-30,799.9000244140625,BHARTIARTL.NS
931,931,2022-10-03,803.3499755859375,BHARTIARTL.NS
932,932,2022-10-04,808.7000122070312,BHARTIARTL.NS
933,933,2022-10-06,788.5999755859375,BHARTIARTL.NS
934,934,2022-10-07,793.0999755859375,BHARTIARTL.NS
935,935,2022-10-10,792.3499755859375,BHARTIARTL.NS
936,936,2022-10-11,780.2999877929688,BHARTIARTL.NS
937,937,2022-10-12,775.5499877929688,BHARTIARTL.NS
938,938,2022-10-13,768.9000244140625,BHARTIARTL.NS
939,939,2022-10-14,765.9500122070312,BHARTIARTL.NS
940,940,2022-10-17,766.0,BHARTIARTL.NS
941,941,2022-10-18,783.1500244140625,BHARTIARTL.NS
942,942,2022-10-19,783.4000244140625,BHARTIARTL.NS
943,943,2022-10-20,792.9000244140625,BHARTIARTL.NS
944,944,2022-10-21,797.4500122070312,BHARTIARTL.NS
945,945,2022-10-24,802.0999755859375,BHARTIARTL.NS
946,946,2022-10-25,802.2999877929688,BHARTIARTL.NS
947,947,2022-10-27,817.0999755859375,BHARTIARTL.NS
948,948,2022-10-28,816.8499755859375,BHARTIARTL.NS
949,949,2022-10-31,832.0,BHARTIARTL.NS
950,950,2022-11-01,835.5499877929688,BHARTIARTL.NS
951,951,2022-11-02,809.8499755859375,BHARTIARTL.NS
952,952,2022-11-03,818.6500244140625,BHARTIARTL.NS
953,953,2022-11-04,816.4000244140625,BHARTIARTL.NS
954,954,2022-11-07,822.7000122070312,BHARTIARTL.NS
955,955,2022-11-09,819.0499877929688,BHARTIARTL.NS
956,956,2022-11-10,825.75,BHARTIARTL.NS
957,957,2022-11-11,826.9000244140625,BHARTIARTL.NS
958,958,2022-11-14,821.9000244140625,BHARTIARTL.NS
959,959,2022-11-15,835.25,BHARTIARTL.NS
960,960,2022-11-16,841.2000122070312,BHARTIARTL.NS
961,961,2022-11-17,846.1500244140625,BHARTIARTL.NS
962,962,2022-11-18,837.2999877929688,BHARTIARTL.NS
963,963,2022-11-21,851.2000122070312,BHARTIARTL.NS
964,964,2022-11-22,847.5999755859375,BHARTIARTL.NS
965,965,2022-11-23,843.25,BHARTIARTL.NS
966,966,2022-11-24,848.3499755859375,BHARTIARTL.NS
967,967,2022-11-25,846.8499755859375,BHARTIARTL.NS
968,968,2022-11-28,837.4000244140625,BHARTIARTL.NS
969,969,2022-11-29,835.8499755859375,BHARTIARTL.NS
970,970,2022-11-30,848.75,BHARTIARTL.NS
971,971,2022-12-01,848.5999755859375,BHARTIARTL.NS
972,972,2022-12-02,848.6500244140625,BHARTIARTL.NS
973,973,2022-12-05,844.0999755859375,BHARTIARTL.NS
974,974,2022-12-06,833.3499755859375,BHARTIARTL.NS
975,975,2022-12-07,834.0,BHARTIARTL.NS
976,976,2022-12-08,832.5999755859375,BHARTIARTL.NS
977,977,2022-12-09,834.9000244140625,BHARTIARTL.NS
978,978,2022-12-12,828.4000244140625,BHARTIARTL.NS
979,979,2022-12-13,838.0499877929688,BHARTIARTL.NS
980,980,2022-12-14,829.2000122070312,BHARTIARTL.NS
981,981,2022-12-15,826.3499755859375,BHARTIARTL.NS
982,982,2022-12-16,822.75,BHARTIARTL.NS
983,983,2022-12-19,840.4000244140625,BHARTIARTL.NS
984,984,2022-12-20,828.9500122070312,BHARTIARTL.NS
985,985,2022-12-21,814.0,BHARTIARTL.NS
986,986,2022-12-22,816.5999755859375,BHARTIARTL.NS
987,987,2022-12-23,808.6500244140625,BHARTIARTL.NS
988,988,2022-12-26,811.0,BHARTIARTL.NS
989,989,2022-12-27,814.7999877929688,BHARTIARTL.NS
990,990,2022-12-28,803.7999877929688,BHARTIARTL.NS
991,991,2022-12-29,820.75,BHARTIARTL.NS
992,992,2022-12-30,806.0999755859375,BHARTIARTL.NS
993,993,2023-01-02,813.5,BHARTIARTL.NS
994,994,2023-01-03,817.5999755859375,BHARTIARTL.NS
995,995,2023-01-04,811.7999877929688,BHARTIARTL.NS
996,996,2023-01-05,807.0999755859375,BHARTIARTL.NS
997,997,2023-01-06,796.0,BHARTIARTL.NS
998,998,2023-01-09,819.4000244140625,BHARTIARTL.NS
999,999,2023-01-10,792.8499755859375,BHARTIARTL.NS
1000,1000,2023-01-11,765.5499877929688,BHARTIARTL.NS
1001,1001,2023-01-12,756.9000244140625,BHARTIARTL.NS
1002,1002,2023-01-13,764.2999877929688,BHARTIARTL.NS
1003,1003,2023-01-16,759.1500244140625,BHARTIARTL.NS
1004,1004,2023-01-17,765.7000122070312,BHARTIARTL.NS
1005,1005,2023-01-18,776.5499877929688,BHARTIARTL.NS
1006,1006,2023-01-19,772.0,BHARTIARTL.NS
1007,1007,2023-01-20,764.4500122070312,BHARTIARTL.NS
1008,1008,2023-01-23,772.7000122070312,BHARTIARTL.NS
1009,1009,2023-01-24,775.6500244140625,BHARTIARTL.NS
1010,1010,2023-01-25,776.5,BHARTIARTL.NS
1011,1011,2023-01-27,774.5,BHARTIARTL.NS
1012,1012,2023-01-30,770.2000122070312,BHARTIARTL.NS
1013,1013,2023-01-31,770.2999877929688,BHARTIARTL.NS
1014,1014,2023-02-01,769.0999755859375,BHARTIARTL.NS
1015,1015,2023-02-02,777.75,BHARTIARTL.NS
1016,1016,2023-02-03,792.9000244140625,BHARTIARTL.NS
1017,1017,2023-02-06,789.25,BHARTIARTL.NS
1018,1018,2023-02-07,785.9000244140625,BHARTIARTL.NS
1019,1019,2023-02-08,775.0999755859375,BHARTIARTL.NS
1020,1020,2023-02-09,766.6500244140625,BHARTIARTL.NS
1021,1021,2023-02-10,771.9500122070312,BHARTIARTL.NS
1022,1022,2023-02-13,768.5999755859375,BHARTIARTL.NS
1023,1023,2023-02-14,775.2000122070312,BHARTIARTL.NS
1024,1024,2023-02-15,785.4000244140625,BHARTIARTL.NS
1025,1025,2023-02-16,784.4500122070312,BHARTIARTL.NS
1026,1026,2023-02-17,776.7999877929688,BHARTIARTL.NS
1027,1027,2023-02-20,779.1500244140625,BHARTIARTL.NS
1028,1028,2023-02-21,779.0499877929688,BHARTIARTL.NS
1029,1029,2023-02-22,772.1500244140625,BHARTIARTL.NS
1030,1030,2023-02-23,762.9500122070312,BHARTIARTL.NS
1031,1031,2023-02-24,757.0999755859375,BHARTIARTL.NS
1032,1032,2023-02-27,752.9000244140625,BHARTIARTL.NS
1033,1033,2023-02-28,742.25,BHARTIARTL.NS
1034,1034,2023-03-01,750.2000122070312,BHARTIARTL.NS
1035,1035,2023-03-02,740.0999755859375,BHARTIARTL.NS
1036,1036,2023-03-03,764.4000244140625,BHARTIARTL.NS
1037,1037,2023-03-06,766.5999755859375,BHARTIARTL.NS
1038,1038,2023-03-08,766.5499877929688,BHARTIARTL.NS
1039,1039,2023-03-09,773.4000244140625,BHARTIARTL.NS
1040,1040,2023-03-10,773.75,BHARTIARTL.NS
1041,1041,2023-03-13,765.2999877929688,BHARTIARTL.NS
1042,1042,2023-03-14,771.7999877929688,BHARTIARTL.NS
1043,1043,2023-03-15,756.6500244140625,BHARTIARTL.NS
1044,1044,2023-03-16,745.9500122070312,BHARTIARTL.NS
1045,1045,2023-03-17,757.25,BHARTIARTL.NS
1046,1046,2023-03-20,754.7999877929688,BHARTIARTL.NS
1047,1047,2023-03-21,756.9500122070312,BHARTIARTL.NS
1048,1048,2023-03-22,756.7000122070312,BHARTIARTL.NS
1049,1049,2023-03-23,763.5499877929688,BHARTIARTL.NS
1050,1050,2023-03-24,762.4500122070312,BHARTIARTL.NS
1051,1051,2023-03-27,761.75,BHARTIARTL.NS
1052,1052,2023-03-28,748.4500122070312,BHARTIARTL.NS
1053,1053,2023-03-29,743.5999755859375,BHARTIARTL.NS
1054,1054,2023-03-31,749.0,BHARTIARTL.NS
1055,1055,2023-04-03,760.5499877929688,BHARTIARTL.NS
1056,1056,2023-04-05,763.4500122070312,BHARTIARTL.NS
1057,1057,2023-04-06,765.9500122070312,BHARTIARTL.NS
1058,1058,2023-04-10,769.75,BHARTIARTL.NS
1059,1059,2023-04-11,774.1500244140625,BHARTIARTL.NS
1060,1060,2023-04-12,771.0999755859375,BHARTIARTL.NS
1061,1061,2023-04-13,767.0499877929688,BHARTIARTL.NS
1062,1062,2023-04-17,759.6500244140625,BHARTIARTL.NS
1063,1063,2023-04-18,759.75,BHARTIARTL.NS
1064,1064,2023-04-19,764.6500244140625,BHARTIARTL.NS
1065,1065,2023-04-20,772.2999877929688,BHARTIARTL.NS
1066,1066,2023-04-21,765.2000122070312,BHARTIARTL.NS
1067,1067,2023-04-24,760.25,BHARTIARTL.NS
1068,1068,2023-04-25,772.5999755859375,BHARTIARTL.NS
1069,1069,2023-04-26,773.4500122070312,BHARTIARTL.NS
1070,1070,2023-04-27,786.5,BHARTIARTL.NS
1071,1071,2023-04-28,799.2999877929688,BHARTIARTL.NS
1072,1072,2023-05-02,790.2000122070312,BHARTIARTL.NS
1073,1073,2023-05-03,779.2999877929688,BHARTIARTL.NS
1074,1074,2023-05-04,789.0999755859375,BHARTIARTL.NS
1075,1075,2023-05-05,787.2999877929688,BHARTIARTL.NS
1076,1076,2023-05-08,793.75,BHARTIARTL.NS
1077,1077,2023-05-09,793.5999755859375,BHARTIARTL.NS
1078,1078,2023-05-10,796.0499877929688,BHARTIARTL.NS
1079,1079,2023-05-11,788.5999755859375,BHARTIARTL.NS
1080,1080,2023-05-12,791.9500122070312,BHARTIARTL.NS
1081,1081,2023-05-15,797.0499877929688,BHARTIARTL.NS
1082,1082,2023-05-16,787.3499755859375,BHARTIARTL.NS
1083,1083,2023-05-17,792.25,BHARTIARTL.NS
1084,1084,2023-05-18,799.3499755859375,BHARTIARTL.NS
1085,1085,2023-05-19,805.75,BHARTIARTL.NS
1086,1086,2023-05-22,801.8499755859375,BHARTIARTL.NS
1087,1087,2023-05-23,799.9500122070312,BHARTIARTL.NS
1088,1088,2023-05-24,801.4000244140625,BHARTIARTL.NS
1089,1089,2023-05-25,822.7000122070312,BHARTIARTL.NS
1090,1090,2023-05-26,817.9500122070312,BHARTIARTL.NS
1091,1091,2023-05-29,821.25,BHARTIARTL.NS
1092,1092,2023-05-30,818.4500122070312,BHARTIARTL.NS
1093,1093,2023-05-31,849.9000244140625,BHARTIARTL.NS
1094,1094,2023-06-01,827.9500122070312,BHARTIARTL.NS
1095,1095,2023-06-02,836.5,BHARTIARTL.NS
1096,1096,2023-06-05,834.5,BHARTIARTL.NS
1097,1097,2023-06-06,829.4500122070312,BHARTIARTL.NS
1098,1098,2023-06-07,844.25,BHARTIARTL.NS
1099,1099,2023-06-08,836.0,BHARTIARTL.NS
1100,1100,2023-06-09,833.5,BHARTIARTL.NS
1101,1101,2023-06-12,836.3499755859375,BHARTIARTL.NS
1102,1102,2023-06-13,834.3499755859375,BHARTIARTL.NS
1103,1103,2023-06-14,827.9500122070312,BHARTIARTL.NS
1104,1104,2023-06-15,829.7000122070312,BHARTIARTL.NS
1105,1105,2023-06-16,837.7999877929688,BHARTIARTL.NS
1106,1106,2023-06-19,828.1500244140625,BHARTIARTL.NS
1107,1107,2023-06-20,831.2000122070312,BHARTIARTL.NS
1108,1108,2023-06-21,839.0,BHARTIARTL.NS
1109,1109,2023-06-22,842.7999877929688,BHARTIARTL.NS
1110,1110,2023-06-23,854.7999877929688,BHARTIARTL.NS
1111,1111,2023-06-26,851.9500122070312,BHARTIARTL.NS
1112,1112,2023-06-27,864.9000244140625,BHARTIARTL.NS
1113,1113,2023-06-28,864.9000244140625,BHARTIARTL.NS
1114,1114,2023-06-30,878.75,BHARTIARTL.NS
1115,1115,2023-07-03,879.1500244140625,BHARTIARTL.NS
1116,1116,2023-07-04,865.1500244140625,BHARTIARTL.NS
1117,1117,2023-07-05,866.6500244140625,BHARTIARTL.NS
1118,1118,2023-07-06,869.6500244140625,BHARTIARTL.NS
1119,1119,2023-07-07,870.4500122070312,BHARTIARTL.NS
1120,1120,2023-07-10,885.4000244140625,BHARTIARTL.NS
1121,1121,2023-07-11,891.9000244140625,BHARTIARTL.NS
1122,1122,2023-07-12,889.9500122070312,BHARTIARTL.NS
1123,1123,2023-07-13,885.0499877929688,BHARTIARTL.NS
1124,1124,2023-07-14,886.5,BHARTIARTL.NS
1125,1125,2023-07-17,878.0999755859375,BHARTIARTL.NS
1126,1126,2023-07-18,875.4500122070312,BHARTIARTL.NS
1127,1127,2023-07-19,870.75,BHARTIARTL.NS
1128,1128,2023-07-20,884.8499755859375,BHARTIARTL.NS
1129,1129,2023-07-21,886.0,BHARTIARTL.NS
1130,1130,2023-07-24,888.1500244140625,BHARTIARTL.NS
1131,1131,2023-07-25,883.6500244140625,BHARTIARTL.NS
1132,1132,2023-07-26,889.4000244140625,BHARTIARTL.NS
1133,1133,2023-07-27,895.1500244140625,BHARTIARTL.NS
1134,1134,2023-07-28,895.0999755859375,BHARTIARTL.NS
1135,1135,2023-07-31,889.9000244140625,BHARTIARTL.NS
1136,1136,2023-08-01,891.6500244140625,BHARTIARTL.NS
1137,1137,2023-08-02,878.0999755859375,BHARTIARTL.NS
1138,1138,2023-08-03,871.7000122070312,BHARTIARTL.NS
1139,1139,2023-08-04,889.6500244140625,BHARTIARTL.NS
1140,1140,2023-08-07,891.4000244140625,BHARTIARTL.NS
1141,1141,2023-08-08,885.4000244140625,BHARTIARTL.NS
1142,1142,2023-08-09,883.7000122070312,BHARTIARTL.NS
1143,1143,2023-08-10,874.7999877929688,BHARTIARTL.NS
1144,1144,2023-08-11,870.5499877929688,BHARTIARTL.NS
1145,1145,2023-08-14,867.0499877929688,BHARTIARTL.NS
1146,1146,2023-08-16,856.9500122070312,BHARTIARTL.NS
1147,1147,2023-08-17,856.7000122070312,BHARTIARTL.NS
1148,1148,2023-08-18,856.25,BHARTIARTL.NS
1149,1149,2023-08-21,871.9500122070312,BHARTIARTL.NS
1150,1150,2023-08-22,877.6500244140625,BHARTIARTL.NS
1151,1151,2023-08-23,868.1500244140625,BHARTIARTL.NS
1152,1152,2023-08-24,869.4500122070312,BHARTIARTL.NS
1153,1153,2023-08-25,873.5,BHARTIARTL.NS
1154,1154,2023-08-28,870.3499755859375,BHARTIARTL.NS
1155,1155,2023-08-29,855.2000122070312,BHARTIARTL.NS
1156,1156,2023-08-30,857.75,BHARTIARTL.NS
1157,1157,2023-08-31,856.4000244140625,BHARTIARTL.NS
1158,1158,2023-09-01,865.9500122070312,BHARTIARTL.NS
1159,1159,2023-09-04,865.2999877929688,BHARTIARTL.NS
1160,1160,2023-09-05,865.9000244140625,BHARTIARTL.NS
1161,1161,2023-09-06,880.2999877929688,BHARTIARTL.NS
1162,1162,2023-09-07,875.2999877929688,BHARTIARTL.NS
1163,1163,2023-09-08,885.8499755859375,BHARTIARTL.NS
1164,1164,2023-09-11,890.7999877929688,BHARTIARTL.NS
1165,1165,2023-09-12,890.4000244140625,BHARTIARTL.NS
1166,1166,2023-09-13,915.1500244140624,BHARTIARTL.NS
1167,1167,2023-09-14,914.9500122070312,BHARTIARTL.NS
1168,1168,2023-09-15,936.1500244140624,BHARTIARTL.NS
1169,1169,2023-09-18,920.2000122070312,BHARTIARTL.NS
1170,1170,2023-09-20,910.7000122070312,BHARTIARTL.NS
1171,1171,2023-09-21,917.9500122070312,BHARTIARTL.NS
1172,1172,2023-09-22,911.4000244140624,BHARTIARTL.NS
1173,1173,2023-09-25,910.4000244140624,BHARTIARTL.NS
1174,1174,2023-09-26,912.7000122070312,BHARTIARTL.NS
1175,1175,2023-09-27,920.25,BHARTIARTL.NS
1176,1176,2023-09-28,925.6500244140624,BHARTIARTL.NS
1177,1177,2023-09-29,926.4000244140624,BHARTIARTL.NS
1178,1178,2023-10-03,925.2999877929688,BHARTIARTL.NS
1179,1179,2023-10-04,924.25,BHARTIARTL.NS
1180,1180,2023-10-05,928.8499755859376,BHARTIARTL.NS
1181,1181,2023-10-06,926.0499877929688,BHARTIARTL.NS
1182,1182,2023-10-09,924.5499877929688,BHARTIARTL.NS
1183,1183,2023-10-10,948.3499755859376,BHARTIARTL.NS
1184,1184,2023-10-11,955.5999755859376,BHARTIARTL.NS
1185,1185,2023-10-12,950.3499755859376,BHARTIARTL.NS
1186,1186,2023-10-13,954.2000122070312,BHARTIARTL.NS
1187,1187,2023-10-16,946.5499877929688,BHARTIARTL.NS
1188,1188,2023-10-17,953.6500244140624,BHARTIARTL.NS
1189,1189,2023-10-18,952.8499755859376,BHARTIARTL.NS
1190,1190,2023-10-19,942.9500122070312,BHARTIARTL.NS
1191,1191,2023-10-20,945.2000122070312,BHARTIARTL.NS
1192,1192,2023-10-23,939.2999877929688,BHARTIARTL.NS
1193,1193,2023-10-25,922.5999755859376,BHARTIARTL.NS
1194,1194,2023-10-26,905.5,BHARTIARTL.NS
1195,1195,2023-10-27,914.5999755859376,BHARTIARTL.NS
1196,1196,2023-10-30,926.25,BHARTIARTL.NS
1197,1197,2023-10-31,914.4000244140624,BHARTIARTL.NS
1198,1198,2023-11-01,913.4500122070312,BHARTIARTL.NS
1199,1199,2023-11-02,923.8499755859376,BHARTIARTL.NS
1200,1200,2023-11-03,930.75,BHARTIARTL.NS
1201,1201,2023-11-06,939.2000122070312,BHARTIARTL.NS
1202,1202,2023-11-07,937.1500244140624,BHARTIARTL.NS
1203,1203,2023-11-08,936.75,BHARTIARTL.NS
1204,1204,2023-11-09,932.3499755859376,BHARTIARTL.NS
1205,1205,2023-11-10,935.5,BHARTIARTL.NS
1206,1206,2023-11-13,935.0,BHARTIARTL.NS
1207,1207,2023-11-15,950.0,BHARTIARTL.NS
1208,1208,2023-11-16,949.5499877929688,BHARTIARTL.NS
1209,1209,2023-11-17,947.2999877929688,BHARTIARTL.NS
1210,1210,2023-11-20,961.4000244140624,BHARTIARTL.NS
1211,1211,2023-11-21,970.8499755859376,BHARTIARTL.NS
1212,1212,2023-11-22,969.75,BHARTIARTL.NS
1213,1213,2023-11-23,976.6500244140624,BHARTIARTL.NS
1214,1214,2023-11-24,973.1500244140624,BHARTIARTL.NS
1215,1215,2023-11-28,984.9000244140624,BHARTIARTL.NS
1216,1216,2023-11-29,995.4000244140624,BHARTIARTL.NS
1217,1217,2023-11-30,1014.7000122070312,BHARTIARTL.NS
1218,1218,2023-12-01,1014.7000122070312,BHARTIARTL.NS
1219,1219,2023-12-04,1032.9000244140625,BHARTIARTL.NS
1220,1220,2023-12-05,1031.0999755859375,BHARTIARTL.NS
1221,1221,2023-12-06,1024.449951171875,BHARTIARTL.NS
1222,1222,2023-12-07,1000.0,BHARTIARTL.NS
1223,1223,2023-12-08,1000.25,BHARTIARTL.NS
1224,1224,2023-12-11,1000.8499755859376,BHARTIARTL.NS
1225,1225,2023-12-12,995.25,BHARTIARTL.NS
1226,1226,2023-12-13,999.9000244140624,BHARTIARTL.NS
1227,1227,2023-12-14,1005.2000122070312,BHARTIARTL.NS
1228,1228,2023-12-15,992.5499877929688,BHARTIARTL.NS
1229,1229,2023-12-18,990.25,BHARTIARTL.NS
1230,1230,2023-12-19,988.4500122070312,BHARTIARTL.NS
1231,1231,2023-12-20,971.5499877929688,BHARTIARTL.NS
1232,1232,2023-12-21,977.9000244140624,BHARTIARTL.NS
1233,1233,2023-12-22,989.5499877929688,BHARTIARTL.NS
1234,1234,2023-12-26,999.8499755859376,BHARTIARTL.NS
