date,close,ticker
2018-12-27,1814.9000244140625,HINDUNILVR.NS
2018-12-28,1822.050048828125,HINDUNILVR.NS
2018-12-31,1819.6500244140625,HINDUNILVR.NS
2019-01-01,1801.0999755859375,HINDUNILVR.NS
2019-01-02,1784.5999755859375,HINDUNILVR.NS
2019-01-03,1788.4000244140625,HINDUNILVR.NS
2019-01-04,1781.699951171875,HINDUNILVR.NS
2019-01-07,1784.949951171875,HINDUNILVR.NS
2019-01-08,1770.8499755859375,HINDUNILVR.NS
2019-01-09,1785.0,HINDUNILVR.NS
2019-01-10,1786.199951171875,HINDUNILVR.NS
2019-01-11,1769.4000244140625,HINDUNILVR.NS
2019-01-14,1763.9000244140625,HINDUNILVR.NS
2019-01-15,1789.8499755859375,HINDUNILVR.NS
2019-01-16,1772.550048828125,HINDUNILVR.NS
2019-01-17,1751.5,HINDUNILVR.NS
2019-01-18,1744.0999755859375,HINDUNILVR.NS
2019-01-21,1746.9000244140625,HINDUNILVR.NS
2019-01-22,1750.199951171875,HINDUNILVR.NS
2019-01-23,1767.199951171875,HINDUNILVR.NS
2019-01-24,1759.5,HINDUNILVR.NS
2019-01-25,1756.800048828125,HINDUNILVR.NS
2019-01-28,1743.0,HINDUNILVR.NS
2019-01-29,1756.699951171875,HINDUNILVR.NS
2019-01-30,1733.3499755859375,HINDUNILVR.NS
2019-01-31,1763.25,HINDUNILVR.NS
2019-02-01,1799.300048828125,HINDUNILVR.NS
2019-02-04,1802.5999755859375,HINDUNILVR.NS
2019-02-05,1821.449951171875,HINDUNILVR.NS
2019-02-06,1829.949951171875,HINDUNILVR.NS
2019-02-07,1839.050048828125,HINDUNILVR.NS
2019-02-08,1817.300048828125,HINDUNILVR.NS
2019-02-11,1804.800048828125,HINDUNILVR.NS
2019-02-12,1794.5,HINDUNILVR.NS
2019-02-14,1785.050048828125,HINDUNILVR.NS
2019-02-15,1772.800048828125,HINDUNILVR.NS
2019-02-18,1751.9000244140625,HINDUNILVR.NS
2019-02-19,1737.949951171875,HINDUNILVR.NS
2019-02-20,1733.5,HINDUNILVR.NS
2019-02-21,1754.699951171875,HINDUNILVR.NS
2019-02-22,1768.550048828125,HINDUNILVR.NS
2019-02-25,1770.1500244140625,HINDUNILVR.NS
2019-02-26,1772.25,HINDUNILVR.NS
2019-02-27,1736.5,HINDUNILVR.NS
2019-02-28,1732.6500244140625,HINDUNILVR.NS
2019-03-01,1734.6500244140625,HINDUNILVR.NS
2019-03-05,1724.5999755859375,HINDUNILVR.NS
2019-03-06,1699.800048828125,HINDUNILVR.NS
2019-03-07,1705.4000244140625,HINDUNILVR.NS
2019-03-08,1701.5999755859375,HINDUNILVR.NS
2019-03-11,1714.949951171875,HINDUNILVR.NS
2019-03-12,1734.800048828125,HINDUNILVR.NS
2019-03-13,1747.5999755859375,HINDUNILVR.NS
2019-03-14,1737.300048828125,HINDUNILVR.NS
2019-03-15,1698.4000244140625,HINDUNILVR.NS
2019-03-18,1697.550048828125,HINDUNILVR.NS
2019-03-19,1699.6500244140625,HINDUNILVR.NS
2019-03-20,1687.550048828125,HINDUNILVR.NS
2019-03-22,1678.050048828125,HINDUNILVR.NS
2019-03-25,1673.8499755859375,HINDUNILVR.NS
2019-03-26,1683.800048828125,HINDUNILVR.NS
2019-03-27,1680.800048828125,HINDUNILVR.NS
2019-03-28,1683.9000244140625,HINDUNILVR.NS
2019-04-01,1690.0,HINDUNILVR.NS
2019-04-02,1687.1500244140625,HINDUNILVR.NS
2019-04-03,1670.800048828125,HINDUNILVR.NS
2019-04-04,1666.550048828125,HINDUNILVR.NS
2019-04-05,1659.0999755859375,HINDUNILVR.NS
2019-04-08,1664.9000244140625,HINDUNILVR.NS
2019-04-09,1680.5,HINDUNILVR.NS
2019-04-10,1694.1500244140625,HINDUNILVR.NS
2019-04-11,1710.4000244140625,HINDUNILVR.NS
2019-04-12,1721.6500244140625,HINDUNILVR.NS
2019-04-15,1722.050048828125,HINDUNILVR.NS
2019-04-16,1738.550048828125,HINDUNILVR.NS
2019-04-18,1739.9000244140625,HINDUNILVR.NS
2019-04-22,1739.8499755859375,HINDUNILVR.NS
2019-04-23,1744.199951171875,HINDUNILVR.NS
2019-04-24,1752.5999755859375,HINDUNILVR.NS
2019-04-25,1734.199951171875,HINDUNILVR.NS
2019-04-26,1747.3499755859375,HINDUNILVR.NS
2019-04-30,1757.699951171875,HINDUNILVR.NS
2019-05-02,1723.550048828125,HINDUNILVR.NS
2019-05-03,1693.550048828125,HINDUNILVR.NS
2019-05-06,1668.9000244140625,HINDUNILVR.NS
2019-05-07,1697.5,HINDUNILVR.NS
2019-05-08,1688.699951171875,HINDUNILVR.NS
2019-05-09,1703.75,HINDUNILVR.NS
2019-05-10,1687.449951171875,HINDUNILVR.NS
2019-05-13,1702.0,HINDUNILVR.NS
2019-05-14,1698.5,HINDUNILVR.NS
2019-05-15,1671.050048828125,HINDUNILVR.NS
2019-05-16,1688.199951171875,HINDUNILVR.NS
2019-05-17,1736.800048828125,HINDUNILVR.NS
2019-05-20,1772.5,HINDUNILVR.NS
2019-05-21,1785.25,HINDUNILVR.NS
2019-05-22,1768.300048828125,HINDUNILVR.NS
2019-05-23,1753.8499755859375,HINDUNILVR.NS
2019-05-24,1749.5999755859375,HINDUNILVR.NS
2019-05-27,1771.949951171875,HINDUNILVR.NS
2019-05-28,1776.9000244140625,HINDUNILVR.NS
2019-05-29,1780.8499755859375,HINDUNILVR.NS
2019-05-30,1784.25,HINDUNILVR.NS
2019-05-31,1788.5,HINDUNILVR.NS
2019-06-03,1839.699951171875,HINDUNILVR.NS
2019-06-04,1815.5999755859375,HINDUNILVR.NS
2019-06-06,1837.75,HINDUNILVR.NS
2019-06-07,1830.75,HINDUNILVR.NS
2019-06-10,1852.5,HINDUNILVR.NS
2019-06-11,1839.800048828125,HINDUNILVR.NS
2019-06-12,1847.0999755859375,HINDUNILVR.NS
2019-06-13,1845.5,HINDUNILVR.NS
2019-06-14,1822.949951171875,HINDUNILVR.NS
2019-06-17,1818.050048828125,HINDUNILVR.NS
2019-06-18,1809.5999755859375,HINDUNILVR.NS
2019-06-19,1811.699951171875,HINDUNILVR.NS
2019-06-20,1805.050048828125,HINDUNILVR.NS
2019-06-21,1766.6500244140625,HINDUNILVR.NS
2019-06-24,1764.449951171875,HINDUNILVR.NS
2019-06-25,1756.449951171875,HINDUNILVR.NS
2019-06-26,1761.0,HINDUNILVR.NS
2019-06-27,1774.4000244140625,HINDUNILVR.NS
2019-06-28,1787.5999755859375,HINDUNILVR.NS
2019-07-01,1780.199951171875,HINDUNILVR.NS
2019-07-02,1789.199951171875,HINDUNILVR.NS
2019-07-03,1784.699951171875,HINDUNILVR.NS
2019-07-04,1793.5999755859375,HINDUNILVR.NS
2019-07-05,1791.4000244140625,HINDUNILVR.NS
2019-07-08,1753.550048828125,HINDUNILVR.NS
2019-07-09,1740.25,HINDUNILVR.NS
2019-07-10,1718.5999755859375,HINDUNILVR.NS
2019-07-11,1730.9000244140625,HINDUNILVR.NS
2019-07-12,1713.199951171875,HINDUNILVR.NS
2019-07-15,1716.949951171875,HINDUNILVR.NS
2019-07-16,1741.300048828125,HINDUNILVR.NS
2019-07-17,1760.699951171875,HINDUNILVR.NS
2019-07-18,1739.1500244140625,HINDUNILVR.NS
2019-07-19,1720.4000244140625,HINDUNILVR.NS
2019-07-22,1680.699951171875,HINDUNILVR.NS
2019-07-23,1693.3499755859375,HINDUNILVR.NS
2019-07-24,1728.6500244140625,HINDUNILVR.NS
2019-07-25,1736.6500244140625,HINDUNILVR.NS
2019-07-26,1730.6500244140625,HINDUNILVR.NS
2019-07-29,1713.300048828125,HINDUNILVR.NS
2019-07-30,1719.9000244140625,HINDUNILVR.NS
2019-07-31,1726.6500244140625,HINDUNILVR.NS
2019-08-01,1731.300048828125,HINDUNILVR.NS
2019-08-02,1737.449951171875,HINDUNILVR.NS
2019-08-05,1741.199951171875,HINDUNILVR.NS
2019-08-06,1744.0999755859375,HINDUNILVR.NS
2019-08-07,1777.25,HINDUNILVR.NS
2019-08-08,1803.0999755859375,HINDUNILVR.NS
2019-08-09,1841.3499755859375,HINDUNILVR.NS
2019-08-13,1824.75,HINDUNILVR.NS
2019-08-14,1839.050048828125,HINDUNILVR.NS
2019-08-16,1828.6500244140625,HINDUNILVR.NS
2019-08-19,1820.9000244140625,HINDUNILVR.NS
2019-08-20,1843.4000244140625,HINDUNILVR.NS
2019-08-21,1850.0,HINDUNILVR.NS
2019-08-22,1872.0999755859375,HINDUNILVR.NS
2019-08-23,1860.0,HINDUNILVR.NS
2019-08-26,1876.550048828125,HINDUNILVR.NS
2019-08-27,1861.4000244140625,HINDUNILVR.NS
2019-08-28,1828.0999755859375,HINDUNILVR.NS
2019-08-29,1832.949951171875,HINDUNILVR.NS
2019-08-30,1881.9000244140625,HINDUNILVR.NS
2019-09-03,1841.8499755859375,HINDUNILVR.NS
2019-09-04,1846.5999755859375,HINDUNILVR.NS
2019-09-05,1829.75,HINDUNILVR.NS
2019-09-06,1819.1500244140625,HINDUNILVR.NS
2019-09-09,1834.050048828125,HINDUNILVR.NS
2019-09-11,1824.300048828125,HINDUNILVR.NS
2019-09-12,1805.4000244140625,HINDUNILVR.NS
2019-09-13,1805.550048828125,HINDUNILVR.NS
2019-09-16,1816.300048828125,HINDUNILVR.NS
2019-09-17,1831.199951171875,HINDUNILVR.NS
2019-09-18,1829.199951171875,HINDUNILVR.NS
2019-09-19,1812.75,HINDUNILVR.NS
2019-09-20,1969.75,HINDUNILVR.NS
2019-09-23,2039.75,HINDUNILVR.NS
2019-09-24,2050.449951171875,HINDUNILVR.NS
2019-09-25,2051.5,HINDUNILVR.NS
2019-09-26,2034.4000244140625,HINDUNILVR.NS
2019-09-27,2010.9000244140625,HINDUNILVR.NS
2019-09-30,1981.949951171875,HINDUNILVR.NS
2019-10-01,1990.300048828125,HINDUNILVR.NS
2019-10-03,1962.050048828125,HINDUNILVR.NS
2019-10-04,1944.199951171875,HINDUNILVR.NS
2019-10-07,1940.050048828125,HINDUNILVR.NS
2019-10-09,1948.0,HINDUNILVR.NS
2019-10-10,1968.75,HINDUNILVR.NS
2019-10-11,2004.6500244140625,HINDUNILVR.NS
2019-10-14,2014.25,HINDUNILVR.NS
2019-10-15,2064.39990234375,HINDUNILVR.NS
2019-10-16,2071.0,HINDUNILVR.NS
2019-10-17,2103.85009765625,HINDUNILVR.NS
2019-10-18,2106.85009765625,HINDUNILVR.NS
2019-10-22,2127.35009765625,HINDUNILVR.NS
2019-10-23,2133.25,HINDUNILVR.NS
2019-10-24,2133.35009765625,HINDUNILVR.NS
2019-10-25,2145.10009765625,HINDUNILVR.NS
2019-10-27,2139.75,HINDUNILVR.NS
2019-10-29,2160.199951171875,HINDUNILVR.NS
2019-10-30,2169.39990234375,HINDUNILVR.NS
2019-10-31,2175.35009765625,HINDUNILVR.NS
2019-11-01,2179.35009765625,HINDUNILVR.NS
2019-11-04,2158.14990234375,HINDUNILVR.NS
2019-11-05,2172.14990234375,HINDUNILVR.NS
2019-11-06,2179.449951171875,HINDUNILVR.NS
2019-11-07,2138.25,HINDUNILVR.NS
2019-11-08,2086.39990234375,HINDUNILVR.NS
2019-11-11,2081.35009765625,HINDUNILVR.NS
2019-11-13,2091.0,HINDUNILVR.NS
2019-11-14,2069.050048828125,HINDUNILVR.NS
2019-11-15,2057.699951171875,HINDUNILVR.NS
2019-11-18,2056.199951171875,HINDUNILVR.NS
2019-11-19,2037.75,HINDUNILVR.NS
2019-11-20,2026.5,HINDUNILVR.NS
2019-11-21,2048.64990234375,HINDUNILVR.NS
2019-11-22,2028.3499755859375,HINDUNILVR.NS
2019-11-25,2062.39990234375,HINDUNILVR.NS
2019-11-26,2058.35009765625,HINDUNILVR.NS
2019-11-27,2093.25,HINDUNILVR.NS
2019-11-28,2087.14990234375,HINDUNILVR.NS
2019-11-29,2035.300048828125,HINDUNILVR.NS
2019-12-02,2043.199951171875,HINDUNILVR.NS
2019-12-03,2028.449951171875,HINDUNILVR.NS
2019-12-04,2048.0,HINDUNILVR.NS
2019-12-05,2037.449951171875,HINDUNILVR.NS
2019-12-06,2026.050048828125,HINDUNILVR.NS
2019-12-09,2008.1500244140625,HINDUNILVR.NS
2019-12-10,2025.3499755859375,HINDUNILVR.NS
2019-12-11,2010.449951171875,HINDUNILVR.NS
2019-12-12,2007.3499755859375,HINDUNILVR.NS
2019-12-13,2006.199951171875,HINDUNILVR.NS
2019-12-16,1974.75,HINDUNILVR.NS
2019-12-17,1961.3499755859375,HINDUNILVR.NS
2019-12-18,1928.550048828125,HINDUNILVR.NS
2019-12-19,1951.0999755859375,HINDUNILVR.NS
2019-12-20,1943.0999755859375,HINDUNILVR.NS
2019-12-23,1950.4000244140625,HINDUNILVR.NS
2019-12-24,1946.4000244140625,HINDUNILVR.NS
2019-12-26,1944.949951171875,HINDUNILVR.NS
2019-12-27,1949.9000244140625,HINDUNILVR.NS
2019-12-30,1937.25,HINDUNILVR.NS
2019-12-31,1923.0,HINDUNILVR.NS
2020-01-01,1936.550048828125,HINDUNILVR.NS
2020-01-02,1938.050048828125,HINDUNILVR.NS
2020-01-03,1927.449951171875,HINDUNILVR.NS
2020-01-06,1915.449951171875,HINDUNILVR.NS
2020-01-07,1920.699951171875,HINDUNILVR.NS
2020-01-08,1929.3499755859375,HINDUNILVR.NS
2020-01-09,1935.050048828125,HINDUNILVR.NS
2020-01-10,1954.0,HINDUNILVR.NS
2020-01-13,1994.8499755859375,HINDUNILVR.NS
2020-01-14,2008.800048828125,HINDUNILVR.NS
2020-01-15,2021.6500244140625,HINDUNILVR.NS
2020-01-16,2049.25,HINDUNILVR.NS
2020-01-17,2060.300048828125,HINDUNILVR.NS
2020-01-20,2062.85009765625,HINDUNILVR.NS
2020-01-21,2055.39990234375,HINDUNILVR.NS
2020-01-22,2051.699951171875,HINDUNILVR.NS
2020-01-23,2056.89990234375,HINDUNILVR.NS
2020-01-24,2073.699951171875,HINDUNILVR.NS
2020-01-27,2061.35009765625,HINDUNILVR.NS
2020-01-28,2060.60009765625,HINDUNILVR.NS
2020-01-29,2074.199951171875,HINDUNILVR.NS
2020-01-30,2058.10009765625,HINDUNILVR.NS
2020-01-31,2034.25,HINDUNILVR.NS
2020-02-03,2178.949951171875,HINDUNILVR.NS
2020-02-04,2155.60009765625,HINDUNILVR.NS
2020-02-05,2160.300048828125,HINDUNILVR.NS
2020-02-06,2156.39990234375,HINDUNILVR.NS
2020-02-07,2159.949951171875,HINDUNILVR.NS
2020-02-10,2159.300048828125,HINDUNILVR.NS
2020-02-11,2152.64990234375,HINDUNILVR.NS
2020-02-12,2260.35009765625,HINDUNILVR.NS
2020-02-13,2283.39990234375,HINDUNILVR.NS
2020-02-14,2255.050048828125,HINDUNILVR.NS
2020-02-17,2252.60009765625,HINDUNILVR.NS
2020-02-18,2234.39990234375,HINDUNILVR.NS
2020-02-19,2292.14990234375,HINDUNILVR.NS
2020-02-20,2248.25,HINDUNILVR.NS
2020-02-24,2215.14990234375,HINDUNILVR.NS
2020-02-25,2233.60009765625,HINDUNILVR.NS
2020-02-26,2236.199951171875,HINDUNILVR.NS
2020-02-27,2254.949951171875,HINDUNILVR.NS
2020-02-28,2174.75,HINDUNILVR.NS
2020-03-02,2159.449951171875,HINDUNILVR.NS
2020-03-03,2166.64990234375,HINDUNILVR.NS
2020-03-04,2175.85009765625,HINDUNILVR.NS
2020-03-05,2218.0,HINDUNILVR.NS
2020-03-06,2188.89990234375,HINDUNILVR.NS
2020-03-09,2121.5,HINDUNILVR.NS
2020-03-11,2155.0,HINDUNILVR.NS
2020-03-12,2055.949951171875,HINDUNILVR.NS
2020-03-13,2033.199951171875,HINDUNILVR.NS
2020-03-16,1941.9000244140625,HINDUNILVR.NS
2020-03-17,2004.050048828125,HINDUNILVR.NS
2020-03-18,1923.800048828125,HINDUNILVR.NS
2020-03-19,1838.300048828125,HINDUNILVR.NS
2020-03-20,2051.699951171875,HINDUNILVR.NS
2020-03-23,1869.699951171875,HINDUNILVR.NS
2020-03-24,2027.8499755859375,HINDUNILVR.NS
2020-03-25,2088.14990234375,HINDUNILVR.NS
2020-03-26,2194.89990234375,HINDUNILVR.NS
2020-03-27,2140.550048828125,HINDUNILVR.NS
2020-03-30,2184.35009765625,HINDUNILVR.NS
2020-03-31,2298.5,HINDUNILVR.NS
2020-04-01,2179.64990234375,HINDUNILVR.NS
2020-04-03,2154.10009765625,HINDUNILVR.NS
2020-04-07,2444.89990234375,HINDUNILVR.NS
2020-04-08,2460.85009765625,HINDUNILVR.NS
2020-04-09,2372.25,HINDUNILVR.NS
2020-04-13,2346.449951171875,HINDUNILVR.NS
2020-04-15,2487.550048828125,HINDUNILVR.NS
2020-04-16,2436.10009765625,HINDUNILVR.NS
2020-04-17,2385.0,HINDUNILVR.NS
2020-04-20,2336.550048828125,HINDUNILVR.NS
2020-04-21,2317.39990234375,HINDUNILVR.NS
2020-04-22,2386.14990234375,HINDUNILVR.NS
2020-04-23,2317.5,HINDUNILVR.NS
2020-04-24,2283.10009765625,HINDUNILVR.NS
2020-04-27,2320.449951171875,HINDUNILVR.NS
2020-04-28,2289.949951171875,HINDUNILVR.NS
2020-04-29,2231.75,HINDUNILVR.NS
2020-04-30,2195.0,HINDUNILVR.NS
2020-05-04,2082.64990234375,HINDUNILVR.NS
2020-05-05,2041.5,HINDUNILVR.NS
2020-05-06,2010.199951171875,HINDUNILVR.NS
2020-05-07,1992.050048828125,HINDUNILVR.NS
2020-05-08,2089.449951171875,HINDUNILVR.NS
2020-05-11,2048.0,HINDUNILVR.NS
2020-05-12,2011.550048828125,HINDUNILVR.NS
2020-05-13,1995.75,HINDUNILVR.NS
2020-05-14,2006.050048828125,HINDUNILVR.NS
2020-05-15,2032.0999755859375,HINDUNILVR.NS
2020-05-18,2005.25,HINDUNILVR.NS
2020-05-19,1975.550048828125,HINDUNILVR.NS
2020-05-20,1990.8499755859375,HINDUNILVR.NS
2020-05-21,1970.9000244140625,HINDUNILVR.NS
2020-05-22,1987.9000244140625,HINDUNILVR.NS
2020-05-26,1977.800048828125,HINDUNILVR.NS
2020-05-27,1998.0999755859375,HINDUNILVR.NS
2020-05-28,2009.949951171875,HINDUNILVR.NS
2020-05-29,2057.35009765625,HINDUNILVR.NS
2020-06-01,2108.550048828125,HINDUNILVR.NS
2020-06-02,2107.39990234375,HINDUNILVR.NS
2020-06-03,2120.5,HINDUNILVR.NS
2020-06-04,2120.60009765625,HINDUNILVR.NS
2020-06-05,2087.60009765625,HINDUNILVR.NS
2020-06-08,2111.699951171875,HINDUNILVR.NS
2020-06-09,2106.5,HINDUNILVR.NS
2020-06-10,2119.60009765625,HINDUNILVR.NS
2020-06-11,2106.89990234375,HINDUNILVR.NS
2020-06-12,2107.25,HINDUNILVR.NS
2020-06-15,2084.300048828125,HINDUNILVR.NS
2020-06-16,2076.35009765625,HINDUNILVR.NS
2020-06-17,2078.25,HINDUNILVR.NS
2020-06-18,2065.35009765625,HINDUNILVR.NS
2020-06-19,2092.75,HINDUNILVR.NS
2020-06-22,2100.800048828125,HINDUNILVR.NS
2020-06-23,2155.949951171875,HINDUNILVR.NS
2020-06-24,2130.300048828125,HINDUNILVR.NS
2020-06-25,2173.14990234375,HINDUNILVR.NS
2020-06-26,2154.199951171875,HINDUNILVR.NS
2020-06-29,2182.949951171875,HINDUNILVR.NS
2020-06-30,2180.0,HINDUNILVR.NS
2020-07-01,2170.39990234375,HINDUNILVR.NS
2020-07-02,2151.75,HINDUNILVR.NS
2020-07-03,2173.699951171875,HINDUNILVR.NS
2020-07-06,2161.60009765625,HINDUNILVR.NS
2020-07-07,2154.14990234375,HINDUNILVR.NS
2020-07-08,2186.050048828125,HINDUNILVR.NS
2020-07-09,2175.85009765625,HINDUNILVR.NS
2020-07-10,2223.800048828125,HINDUNILVR.NS
2020-07-13,2265.25,HINDUNILVR.NS
2020-07-14,2234.75,HINDUNILVR.NS
2020-07-15,2275.14990234375,HINDUNILVR.NS
2020-07-16,2287.85009765625,HINDUNILVR.NS
2020-07-17,2334.550048828125,HINDUNILVR.NS
2020-07-20,2330.949951171875,HINDUNILVR.NS
2020-07-21,2318.0,HINDUNILVR.NS
2020-07-22,2248.5,HINDUNILVR.NS
2020-07-23,2211.35009765625,HINDUNILVR.NS
2020-07-24,2209.300048828125,HINDUNILVR.NS
2020-07-27,2221.5,HINDUNILVR.NS
2020-07-28,2242.550048828125,HINDUNILVR.NS
2020-07-29,2231.300048828125,HINDUNILVR.NS
2020-07-30,2195.60009765625,HINDUNILVR.NS
2020-07-31,2209.89990234375,HINDUNILVR.NS
2020-08-03,2204.5,HINDUNILVR.NS
2020-08-04,2197.800048828125,HINDUNILVR.NS
2020-08-05,2194.550048828125,HINDUNILVR.NS
2020-08-06,2220.449951171875,HINDUNILVR.NS
2020-08-07,2210.550048828125,HINDUNILVR.NS
2020-08-10,2206.75,HINDUNILVR.NS
2020-08-11,2210.64990234375,HINDUNILVR.NS
2020-08-12,2195.10009765625,HINDUNILVR.NS
2020-08-13,2198.64990234375,HINDUNILVR.NS
2020-08-14,2173.89990234375,HINDUNILVR.NS
2020-08-17,2196.050048828125,HINDUNILVR.NS
2020-08-18,2214.35009765625,HINDUNILVR.NS
2020-08-19,2193.60009765625,HINDUNILVR.NS
2020-08-20,2185.699951171875,HINDUNILVR.NS
2020-08-21,2202.050048828125,HINDUNILVR.NS
2020-08-24,2194.39990234375,HINDUNILVR.NS
2020-08-25,2179.10009765625,HINDUNILVR.NS
2020-08-26,2182.800048828125,HINDUNILVR.NS
2020-08-27,2171.25,HINDUNILVR.NS
2020-08-28,2151.949951171875,HINDUNILVR.NS
2020-08-31,2117.35009765625,HINDUNILVR.NS
2020-09-01,2161.64990234375,HINDUNILVR.NS
2020-09-02,2141.64990234375,HINDUNILVR.NS
2020-09-03,2139.14990234375,HINDUNILVR.NS
2020-09-04,2124.64990234375,HINDUNILVR.NS
2020-09-07,2162.60009765625,HINDUNILVR.NS
2020-09-08,2142.25,HINDUNILVR.NS
2020-09-09,2132.25,HINDUNILVR.NS
2020-09-10,2133.89990234375,HINDUNILVR.NS
2020-09-11,2159.25,HINDUNILVR.NS
2020-09-14,2123.5,HINDUNILVR.NS
2020-09-15,2124.449951171875,HINDUNILVR.NS
2020-09-16,2143.5,HINDUNILVR.NS
2020-09-17,2128.199951171875,HINDUNILVR.NS
2020-09-18,2098.699951171875,HINDUNILVR.NS
2020-09-21,2037.800048828125,HINDUNILVR.NS
2020-09-22,2026.800048828125,HINDUNILVR.NS
2020-09-23,2052.550048828125,HINDUNILVR.NS
2020-09-24,2060.89990234375,HINDUNILVR.NS
2020-09-25,2079.050048828125,HINDUNILVR.NS
2020-09-28,2063.300048828125,HINDUNILVR.NS
2020-09-29,2033.199951171875,HINDUNILVR.NS
2020-09-30,2068.25,HINDUNILVR.NS
2020-10-01,2095.0,HINDUNILVR.NS
2020-10-05,2111.050048828125,HINDUNILVR.NS
2020-10-06,2115.89990234375,HINDUNILVR.NS
2020-10-07,2139.35009765625,HINDUNILVR.NS
2020-10-08,2160.800048828125,HINDUNILVR.NS
2020-10-09,2139.64990234375,HINDUNILVR.NS
2020-10-12,2138.39990234375,HINDUNILVR.NS
2020-10-13,2138.199951171875,HINDUNILVR.NS
2020-10-14,2158.14990234375,HINDUNILVR.NS
2020-10-15,2152.550048828125,HINDUNILVR.NS
2020-10-16,2150.550048828125,HINDUNILVR.NS
2020-10-19,2177.800048828125,HINDUNILVR.NS
2020-10-20,2173.10009765625,HINDUNILVR.NS
2020-10-21,2163.14990234375,HINDUNILVR.NS
2020-10-22,2179.35009765625,HINDUNILVR.NS
2020-10-23,2143.85009765625,HINDUNILVR.NS
2020-10-26,2166.75,HINDUNILVR.NS
2020-10-27,2176.699951171875,HINDUNILVR.NS
2020-10-28,2164.35009765625,HINDUNILVR.NS
2020-10-29,2122.10009765625,HINDUNILVR.NS
2020-10-30,2071.300048828125,HINDUNILVR.NS
2020-11-02,2072.0,HINDUNILVR.NS
2020-11-03,2055.699951171875,HINDUNILVR.NS
2020-11-04,2060.050048828125,HINDUNILVR.NS
2020-11-05,2102.35009765625,HINDUNILVR.NS
2020-11-06,2094.14990234375,HINDUNILVR.NS
2020-11-09,2132.550048828125,HINDUNILVR.NS
2020-11-10,2136.60009765625,HINDUNILVR.NS
2020-11-11,2131.14990234375,HINDUNILVR.NS
2020-11-12,2192.10009765625,HINDUNILVR.NS
2020-11-13,2185.35009765625,HINDUNILVR.NS
2020-11-14,2187.699951171875,HINDUNILVR.NS
2020-11-17,2177.60009765625,HINDUNILVR.NS
2020-11-18,2132.10009765625,HINDUNILVR.NS
2020-11-19,2130.75,HINDUNILVR.NS
2020-11-20,2120.25,HINDUNILVR.NS
2020-11-23,2129.39990234375,HINDUNILVR.NS
2020-11-24,2157.35009765625,HINDUNILVR.NS
2020-11-25,2135.85009765625,HINDUNILVR.NS
2020-11-26,2154.199951171875,HINDUNILVR.NS
2020-11-27,2138.199951171875,HINDUNILVR.NS
2020-12-01,2133.050048828125,HINDUNILVR.NS
2020-12-02,2139.300048828125,HINDUNILVR.NS
2020-12-03,2127.75,HINDUNILVR.NS
2020-12-04,2184.199951171875,HINDUNILVR.NS
2020-12-07,2256.14990234375,HINDUNILVR.NS
2020-12-08,2260.0,HINDUNILVR.NS
2020-12-09,2292.199951171875,HINDUNILVR.NS
2020-12-10,2350.449951171875,HINDUNILVR.NS
2020-12-11,2374.75,HINDUNILVR.NS
2020-12-14,2370.75,HINDUNILVR.NS
2020-12-15,2320.050048828125,HINDUNILVR.NS
2020-12-16,2343.949951171875,HINDUNILVR.NS
2020-12-17,2315.300048828125,HINDUNILVR.NS
2020-12-18,2333.449951171875,HINDUNILVR.NS
2020-12-21,2305.949951171875,HINDUNILVR.NS
2020-12-22,2311.0,HINDUNILVR.NS
2020-12-23,2370.35009765625,HINDUNILVR.NS
2020-12-24,2402.25,HINDUNILVR.NS
2020-12-28,2388.89990234375,HINDUNILVR.NS
2020-12-29,2384.300048828125,HINDUNILVR.NS
2020-12-30,2406.60009765625,HINDUNILVR.NS
2020-12-31,2395.39990234375,HINDUNILVR.NS
2021-01-01,2387.550048828125,HINDUNILVR.NS
2021-01-04,2426.5,HINDUNILVR.NS
2021-01-05,2450.550048828125,HINDUNILVR.NS
2021-01-06,2417.300048828125,HINDUNILVR.NS
2021-01-07,2368.85009765625,HINDUNILVR.NS
2021-01-08,2391.199951171875,HINDUNILVR.NS
2021-01-11,2429.10009765625,HINDUNILVR.NS
2021-01-12,2375.89990234375,HINDUNILVR.NS
2021-01-13,2372.35009765625,HINDUNILVR.NS
2021-01-14,2398.550048828125,HINDUNILVR.NS
2021-01-15,2351.14990234375,HINDUNILVR.NS
2021-01-18,2332.60009765625,HINDUNILVR.NS
2021-01-19,2363.14990234375,HINDUNILVR.NS
2021-01-20,2355.949951171875,HINDUNILVR.NS
2021-01-21,2367.64990234375,HINDUNILVR.NS
2021-01-22,2409.35009765625,HINDUNILVR.NS
2021-01-25,2399.60009765625,HINDUNILVR.NS
2021-01-27,2391.300048828125,HINDUNILVR.NS
2021-01-28,2300.39990234375,HINDUNILVR.NS
2021-01-29,2263.89990234375,HINDUNILVR.NS
2021-02-01,2248.60009765625,HINDUNILVR.NS
2021-02-02,2230.449951171875,HINDUNILVR.NS
2021-02-03,2232.85009765625,HINDUNILVR.NS
2021-02-04,2245.60009765625,HINDUNILVR.NS
2021-02-05,2269.550048828125,HINDUNILVR.NS
2021-02-08,2236.64990234375,HINDUNILVR.NS
2021-02-09,2216.25,HINDUNILVR.NS
2021-02-10,2235.5,HINDUNILVR.NS
2021-02-11,2263.0,HINDUNILVR.NS
2021-02-12,2241.550048828125,HINDUNILVR.NS
2021-02-15,2215.199951171875,HINDUNILVR.NS
2021-02-16,2196.10009765625,HINDUNILVR.NS
2021-02-17,2163.89990234375,HINDUNILVR.NS
2021-02-18,2146.85009765625,HINDUNILVR.NS
2021-02-19,2181.10009765625,HINDUNILVR.NS
2021-02-22,2167.60009765625,HINDUNILVR.NS
2021-02-23,2179.25,HINDUNILVR.NS
2021-02-24,2178.85009765625,HINDUNILVR.NS
2021-02-25,2163.300048828125,HINDUNILVR.NS
2021-02-26,2132.050048828125,HINDUNILVR.NS
2021-03-01,2143.39990234375,HINDUNILVR.NS
2021-03-02,2177.949951171875,HINDUNILVR.NS
2021-03-03,2193.5,HINDUNILVR.NS
2021-03-04,2196.89990234375,HINDUNILVR.NS
2021-03-05,2201.10009765625,HINDUNILVR.NS
2021-03-08,2174.550048828125,HINDUNILVR.NS
2021-03-09,2198.5,HINDUNILVR.NS
2021-03-10,2227.85009765625,HINDUNILVR.NS
2021-03-12,2204.75,HINDUNILVR.NS
2021-03-15,2210.85009765625,HINDUNILVR.NS
2021-03-16,2244.050048828125,HINDUNILVR.NS
2021-03-17,2226.300048828125,HINDUNILVR.NS
2021-03-18,2215.199951171875,HINDUNILVR.NS
2021-03-19,2312.050048828125,HINDUNILVR.NS
2021-03-22,2353.199951171875,HINDUNILVR.NS
2021-03-23,2337.300048828125,HINDUNILVR.NS
2021-03-24,2318.60009765625,HINDUNILVR.NS
2021-03-25,2237.050048828125,HINDUNILVR.NS
2021-03-26,2317.89990234375,HINDUNILVR.NS
2021-03-30,2398.75,HINDUNILVR.NS
2021-03-31,2431.5,HINDUNILVR.NS
2021-04-01,2399.10009765625,HINDUNILVR.NS
2021-04-05,2373.199951171875,HINDUNILVR.NS
2021-04-06,2408.300048828125,HINDUNILVR.NS
2021-04-07,2405.25,HINDUNILVR.NS
2021-04-08,2409.89990234375,HINDUNILVR.NS
2021-04-09,2476.0,HINDUNILVR.NS
2021-04-12,2462.0,HINDUNILVR.NS
2021-04-13,2454.39990234375,HINDUNILVR.NS
2021-04-15,2460.64990234375,HINDUNILVR.NS
2021-04-16,2458.89990234375,HINDUNILVR.NS
2021-04-19,2436.64990234375,HINDUNILVR.NS
2021-04-20,2397.449951171875,HINDUNILVR.NS
2021-04-22,2349.39990234375,HINDUNILVR.NS
2021-04-23,2307.75,HINDUNILVR.NS
2021-04-26,2360.64990234375,HINDUNILVR.NS
2021-04-27,2379.85009765625,HINDUNILVR.NS
2021-04-28,2406.550048828125,HINDUNILVR.NS
2021-04-29,2407.60009765625,HINDUNILVR.NS
2021-04-30,2353.75,HINDUNILVR.NS
2021-05-03,2408.0,HINDUNILVR.NS
2021-05-04,2407.64990234375,HINDUNILVR.NS
2021-05-05,2394.64990234375,HINDUNILVR.NS
2021-05-06,2390.0,HINDUNILVR.NS
2021-05-07,2411.199951171875,HINDUNILVR.NS
2021-05-10,2432.89990234375,HINDUNILVR.NS
2021-05-11,2402.10009765625,HINDUNILVR.NS
2021-05-12,2328.949951171875,HINDUNILVR.NS
2021-05-14,2376.85009765625,HINDUNILVR.NS
2021-05-17,2376.25,HINDUNILVR.NS
2021-05-18,2374.25,HINDUNILVR.NS
2021-05-19,2359.75,HINDUNILVR.NS
2021-05-20,2344.14990234375,HINDUNILVR.NS
2021-05-21,2362.25,HINDUNILVR.NS
2021-05-24,2336.550048828125,HINDUNILVR.NS
2021-05-25,2344.050048828125,HINDUNILVR.NS
2021-05-26,2354.0,HINDUNILVR.NS
2021-05-27,2326.39990234375,HINDUNILVR.NS
2021-05-28,2321.699951171875,HINDUNILVR.NS
2021-05-31,2340.050048828125,HINDUNILVR.NS
2021-06-01,2358.300048828125,HINDUNILVR.NS
2021-06-02,2358.800048828125,HINDUNILVR.NS
2021-06-03,2363.25,HINDUNILVR.NS
2021-06-04,2342.050048828125,HINDUNILVR.NS
2021-06-07,2339.300048828125,HINDUNILVR.NS
2021-06-08,2359.0,HINDUNILVR.NS
2021-06-09,2356.0,HINDUNILVR.NS
2021-06-10,2378.800048828125,HINDUNILVR.NS
2021-06-11,2366.5,HINDUNILVR.NS
2021-06-14,2364.60009765625,HINDUNILVR.NS
2021-06-15,2391.949951171875,HINDUNILVR.NS
2021-06-16,2407.89990234375,HINDUNILVR.NS
2021-06-17,2417.699951171875,HINDUNILVR.NS
2021-06-18,2482.89990234375,HINDUNILVR.NS
2021-06-21,2514.35009765625,HINDUNILVR.NS
2021-06-22,2490.25,HINDUNILVR.NS
2021-06-23,2480.5,HINDUNILVR.NS
2021-06-24,2490.14990234375,HINDUNILVR.NS
2021-06-25,2448.64990234375,HINDUNILVR.NS
2021-06-28,2460.199951171875,HINDUNILVR.NS
2021-06-29,2492.550048828125,HINDUNILVR.NS
2021-06-30,2471.300048828125,HINDUNILVR.NS
2021-07-01,2478.0,HINDUNILVR.NS
2021-07-02,2487.300048828125,HINDUNILVR.NS
2021-07-05,2499.050048828125,HINDUNILVR.NS
2021-07-06,2472.5,HINDUNILVR.NS
2021-07-07,2481.64990234375,HINDUNILVR.NS
2021-07-08,2447.550048828125,HINDUNILVR.NS
2021-07-09,2451.449951171875,HINDUNILVR.NS
2021-07-12,2444.14990234375,HINDUNILVR.NS
2021-07-13,2436.699951171875,HINDUNILVR.NS
2021-07-14,2414.85009765625,HINDUNILVR.NS
2021-07-15,2412.35009765625,HINDUNILVR.NS
2021-07-16,2417.39990234375,HINDUNILVR.NS
2021-07-19,2408.64990234375,HINDUNILVR.NS
2021-07-20,2434.89990234375,HINDUNILVR.NS
2021-07-22,2378.14990234375,HINDUNILVR.NS
2021-07-23,2358.10009765625,HINDUNILVR.NS
2021-07-26,2348.699951171875,HINDUNILVR.NS
2021-07-27,2342.39990234375,HINDUNILVR.NS
2021-07-28,2361.39990234375,HINDUNILVR.NS
2021-07-29,2334.75,HINDUNILVR.NS
2021-07-30,2333.300048828125,HINDUNILVR.NS
2021-08-02,2332.800048828125,HINDUNILVR.NS
2021-08-03,2386.85009765625,HINDUNILVR.NS
2021-08-04,2377.10009765625,HINDUNILVR.NS
2021-08-05,2357.699951171875,HINDUNILVR.NS
2021-08-06,2371.5,HINDUNILVR.NS
2021-08-09,2384.5,HINDUNILVR.NS
2021-08-10,2381.800048828125,HINDUNILVR.NS
2021-08-11,2390.449951171875,HINDUNILVR.NS
2021-08-12,2392.300048828125,HINDUNILVR.NS
2021-08-13,2404.5,HINDUNILVR.NS
2021-08-16,2426.39990234375,HINDUNILVR.NS
2021-08-17,2483.800048828125,HINDUNILVR.NS
2021-08-18,2486.050048828125,HINDUNILVR.NS
2021-08-20,2619.39990234375,HINDUNILVR.NS
2021-08-23,2634.14990234375,HINDUNILVR.NS
2021-08-24,2633.0,HINDUNILVR.NS
2021-08-25,2645.0,HINDUNILVR.NS
2021-08-26,2666.39990234375,HINDUNILVR.NS
2021-08-27,2677.949951171875,HINDUNILVR.NS
2021-08-30,2687.699951171875,HINDUNILVR.NS
2021-08-31,2724.10009765625,HINDUNILVR.NS
2021-09-01,2732.89990234375,HINDUNILVR.NS
2021-09-02,2801.050048828125,HINDUNILVR.NS
2021-09-03,2766.699951171875,HINDUNILVR.NS
2021-09-06,2780.60009765625,HINDUNILVR.NS
2021-09-07,2777.699951171875,HINDUNILVR.NS
2021-09-08,2800.89990234375,HINDUNILVR.NS
2021-09-09,2810.64990234375,HINDUNILVR.NS
2021-09-13,2786.35009765625,HINDUNILVR.NS
2021-09-14,2762.550048828125,HINDUNILVR.NS
2021-09-15,2775.449951171875,HINDUNILVR.NS
2021-09-16,2768.25,HINDUNILVR.NS
2021-09-17,2722.25,HINDUNILVR.NS
2021-09-20,2800.35009765625,HINDUNILVR.NS
2021-09-21,2812.449951171875,HINDUNILVR.NS
2021-09-22,2784.5,HINDUNILVR.NS
2021-09-23,2782.300048828125,HINDUNILVR.NS
2021-09-24,2746.64990234375,HINDUNILVR.NS
2021-09-27,2709.5,HINDUNILVR.NS
2021-09-28,2723.85009765625,HINDUNILVR.NS
2021-09-29,2685.300048828125,HINDUNILVR.NS
2021-09-30,2701.800048828125,HINDUNILVR.NS
2021-10-01,2704.050048828125,HINDUNILVR.NS
2021-10-04,2686.199951171875,HINDUNILVR.NS
2021-10-05,2708.64990234375,HINDUNILVR.NS
2021-10-06,2686.050048828125,HINDUNILVR.NS
2021-10-07,2669.39990234375,HINDUNILVR.NS
2021-10-08,2640.050048828125,HINDUNILVR.NS
2021-10-11,2645.10009765625,HINDUNILVR.NS
2021-10-12,2676.14990234375,HINDUNILVR.NS
2021-10-13,2646.75,HINDUNILVR.NS
2021-10-14,2649.550048828125,HINDUNILVR.NS
2021-10-18,2654.0,HINDUNILVR.NS
2021-10-19,2546.800048828125,HINDUNILVR.NS
2021-10-20,2478.64990234375,HINDUNILVR.NS
2021-10-21,2445.75,HINDUNILVR.NS
2021-10-22,2454.10009765625,HINDUNILVR.NS
2021-10-25,2455.85009765625,HINDUNILVR.NS
2021-10-26,2436.85009765625,HINDUNILVR.NS
2021-10-27,2396.60009765625,HINDUNILVR.NS
2021-10-28,2389.64990234375,HINDUNILVR.NS
2021-10-29,2393.14990234375,HINDUNILVR.NS
2021-11-01,2407.10009765625,HINDUNILVR.NS
2021-11-02,2418.89990234375,HINDUNILVR.NS
2021-11-03,2411.35009765625,HINDUNILVR.NS
2021-11-04,2422.85009765625,HINDUNILVR.NS
2021-11-08,2431.89990234375,HINDUNILVR.NS
2021-11-09,2431.14990234375,HINDUNILVR.NS
2021-11-10,2400.14990234375,HINDUNILVR.NS
2021-11-11,2376.199951171875,HINDUNILVR.NS
2021-11-12,2404.949951171875,HINDUNILVR.NS
2021-11-15,2424.75,HINDUNILVR.NS
2021-11-16,2406.64990234375,HINDUNILVR.NS
2021-11-17,2391.14990234375,HINDUNILVR.NS
2021-11-18,2399.39990234375,HINDUNILVR.NS
2021-11-22,2388.550048828125,HINDUNILVR.NS
2021-11-23,2394.199951171875,HINDUNILVR.NS
2021-11-24,2374.75,HINDUNILVR.NS
2021-11-25,2349.050048828125,HINDUNILVR.NS
2021-11-26,2335.10009765625,HINDUNILVR.NS
2021-11-29,2329.39990234375,HINDUNILVR.NS
2021-11-30,2317.550048828125,HINDUNILVR.NS
2021-12-01,2344.85009765625,HINDUNILVR.NS
2021-12-02,2383.300048828125,HINDUNILVR.NS
2021-12-03,2343.64990234375,HINDUNILVR.NS
2021-12-06,2306.5,HINDUNILVR.NS
2021-12-07,2321.60009765625,HINDUNILVR.NS
2021-12-08,2340.60009765625,HINDUNILVR.NS
2021-12-09,2339.75,HINDUNILVR.NS
2021-12-10,2332.800048828125,HINDUNILVR.NS
2021-12-13,2304.35009765625,HINDUNILVR.NS
2021-12-14,2318.300048828125,HINDUNILVR.NS
2021-12-15,2320.949951171875,HINDUNILVR.NS
2021-12-16,2309.5,HINDUNILVR.NS
2021-12-17,2230.25,HINDUNILVR.NS
2021-12-20,2269.10009765625,HINDUNILVR.NS
2021-12-21,2272.85009765625,HINDUNILVR.NS
2021-12-22,2277.64990234375,HINDUNILVR.NS
2021-12-23,2300.64990234375,HINDUNILVR.NS
2021-12-24,2296.949951171875,HINDUNILVR.NS
2021-12-27,2301.39990234375,HINDUNILVR.NS
2021-12-28,2309.10009765625,HINDUNILVR.NS
2021-12-29,2306.85009765625,HINDUNILVR.NS
2021-12-30,2325.60009765625,HINDUNILVR.NS
2021-12-31,2360.14990234375,HINDUNILVR.NS
2022-01-03,2361.300048828125,HINDUNILVR.NS
2022-01-04,2401.25,HINDUNILVR.NS
2022-01-05,2415.800048828125,HINDUNILVR.NS
2022-01-06,2391.39990234375,HINDUNILVR.NS
2022-01-07,2416.14990234375,HINDUNILVR.NS
2022-01-10,2407.050048828125,HINDUNILVR.NS
2022-01-11,2403.64990234375,HINDUNILVR.NS
2022-01-12,2413.14990234375,HINDUNILVR.NS
2022-01-13,2414.199951171875,HINDUNILVR.NS
2022-01-14,2363.699951171875,HINDUNILVR.NS
2022-01-17,2389.550048828125,HINDUNILVR.NS
2022-01-18,2369.5,HINDUNILVR.NS
2022-01-19,2309.89990234375,HINDUNILVR.NS
2022-01-20,2261.800048828125,HINDUNILVR.NS
2022-01-21,2325.39990234375,HINDUNILVR.NS
2022-01-24,2284.60009765625,HINDUNILVR.NS
2022-01-25,2327.25,HINDUNILVR.NS
2022-01-27,2295.35009765625,HINDUNILVR.NS
2022-01-28,2283.550048828125,HINDUNILVR.NS
2022-01-31,2273.75,HINDUNILVR.NS
2022-02-01,2305.64990234375,HINDUNILVR.NS
2022-02-02,2327.89990234375,HINDUNILVR.NS
2022-02-03,2298.14990234375,HINDUNILVR.NS
2022-02-04,2306.60009765625,HINDUNILVR.NS
2022-02-07,2257.60009765625,HINDUNILVR.NS
2022-02-08,2264.35009765625,HINDUNILVR.NS
2022-02-09,2277.64990234375,HINDUNILVR.NS
2022-02-10,2283.14990234375,HINDUNILVR.NS
2022-02-11,2258.0,HINDUNILVR.NS
2022-02-14,2228.550048828125,HINDUNILVR.NS
2022-02-15,2290.10009765625,HINDUNILVR.NS
2022-02-16,2286.5,HINDUNILVR.NS
2022-02-17,2307.550048828125,HINDUNILVR.NS
2022-02-18,2312.550048828125,HINDUNILVR.NS
2022-02-21,2294.800048828125,HINDUNILVR.NS
2022-02-22,2269.949951171875,HINDUNILVR.NS
2022-02-23,2260.39990234375,HINDUNILVR.NS
2022-02-24,2171.39990234375,HINDUNILVR.NS
2022-02-25,2170.699951171875,HINDUNILVR.NS
2022-02-28,2172.10009765625,HINDUNILVR.NS
2022-03-02,2149.10009765625,HINDUNILVR.NS
2022-03-03,2091.0,HINDUNILVR.NS
2022-03-04,2019.5,HINDUNILVR.NS
2022-03-07,1943.949951171875,HINDUNILVR.NS
2022-03-08,1949.0,HINDUNILVR.NS
2022-03-09,1997.9000244140625,HINDUNILVR.NS
2022-03-10,2101.949951171875,HINDUNILVR.NS
2022-03-11,2094.39990234375,HINDUNILVR.NS
2022-03-14,2059.300048828125,HINDUNILVR.NS
2022-03-15,2038.199951171875,HINDUNILVR.NS
2022-03-16,2072.14990234375,HINDUNILVR.NS
2022-03-17,2102.050048828125,HINDUNILVR.NS
2022-03-21,2051.199951171875,HINDUNILVR.NS
2022-03-22,1993.5,HINDUNILVR.NS
2022-03-23,1978.550048828125,HINDUNILVR.NS
2022-03-24,1965.9000244140625,HINDUNILVR.NS
2022-03-25,1953.0,HINDUNILVR.NS
2022-03-28,1975.0999755859375,HINDUNILVR.NS
2022-03-29,1987.050048828125,HINDUNILVR.NS
2022-03-30,2015.9000244140625,HINDUNILVR.NS
2022-03-31,2048.64990234375,HINDUNILVR.NS
2022-04-01,2078.14990234375,HINDUNILVR.NS
2022-04-04,2128.449951171875,HINDUNILVR.NS
2022-04-05,2139.800048828125,HINDUNILVR.NS
2022-04-06,2142.050048828125,HINDUNILVR.NS
2022-04-07,2164.800048828125,HINDUNILVR.NS
2022-04-08,2183.050048828125,HINDUNILVR.NS
2022-04-11,2163.050048828125,HINDUNILVR.NS
2022-04-12,2132.25,HINDUNILVR.NS
2022-04-13,2152.14990234375,HINDUNILVR.NS
2022-04-18,2177.64990234375,HINDUNILVR.NS
2022-04-19,2113.050048828125,HINDUNILVR.NS
2022-04-20,2164.949951171875,HINDUNILVR.NS
2022-04-21,2197.949951171875,HINDUNILVR.NS
2022-04-22,2126.949951171875,HINDUNILVR.NS
2022-04-25,2100.75,HINDUNILVR.NS
2022-04-26,2148.35009765625,HINDUNILVR.NS
2022-04-27,2145.10009765625,HINDUNILVR.NS
2022-04-28,2241.85009765625,HINDUNILVR.NS
2022-04-29,2234.85009765625,HINDUNILVR.NS
2022-05-02,2230.5,HINDUNILVR.NS
2022-05-04,2171.550048828125,HINDUNILVR.NS
2022-05-05,2166.60009765625,HINDUNILVR.NS
2022-05-06,2149.199951171875,HINDUNILVR.NS
2022-05-09,2116.64990234375,HINDUNILVR.NS
2022-05-10,2180.39990234375,HINDUNILVR.NS
2022-05-11,2163.5,HINDUNILVR.NS
2022-05-12,2138.800048828125,HINDUNILVR.NS
2022-05-13,2194.10009765625,HINDUNILVR.NS
2022-05-16,2217.25,HINDUNILVR.NS
2022-05-17,2245.0,HINDUNILVR.NS
2022-05-18,2291.39990234375,HINDUNILVR.NS
2022-05-19,2264.550048828125,HINDUNILVR.NS
2022-05-20,2325.949951171875,HINDUNILVR.NS
2022-05-23,2379.800048828125,HINDUNILVR.NS
2022-05-24,2309.64990234375,HINDUNILVR.NS
2022-05-25,2298.699951171875,HINDUNILVR.NS
2022-05-26,2280.199951171875,HINDUNILVR.NS
2022-05-27,2330.60009765625,HINDUNILVR.NS
2022-05-30,2348.949951171875,HINDUNILVR.NS
2022-05-31,2353.25,HINDUNILVR.NS
2022-06-01,2308.449951171875,HINDUNILVR.NS
2022-06-02,2284.800048828125,HINDUNILVR.NS
2022-06-03,2291.949951171875,HINDUNILVR.NS
2022-06-06,2280.5,HINDUNILVR.NS
2022-06-07,2211.60009765625,HINDUNILVR.NS
2022-06-08,2197.050048828125,HINDUNILVR.NS
2022-06-09,2197.699951171875,HINDUNILVR.NS
2022-06-10,2199.89990234375,HINDUNILVR.NS
2022-06-13,2196.89990234375,HINDUNILVR.NS
2022-06-14,2171.0,HINDUNILVR.NS
2022-06-15,2146.550048828125,HINDUNILVR.NS
2022-06-16,2146.699951171875,HINDUNILVR.NS
2022-06-17,2110.449951171875,HINDUNILVR.NS
2022-06-20,2195.89990234375,HINDUNILVR.NS
2022-06-21,2205.0,HINDUNILVR.NS
2022-06-22,2202.85009765625,HINDUNILVR.NS
2022-06-23,2252.60009765625,HINDUNILVR.NS
2022-06-24,2303.89990234375,HINDUNILVR.NS
2022-06-27,2320.64990234375,HINDUNILVR.NS
2022-06-28,2317.64990234375,HINDUNILVR.NS
2022-06-29,2233.449951171875,HINDUNILVR.NS
2022-06-30,2230.60009765625,HINDUNILVR.NS
2022-07-01,2282.35009765625,HINDUNILVR.NS
2022-07-04,2375.199951171875,HINDUNILVR.NS
2022-07-05,2401.5,HINDUNILVR.NS
2022-07-06,2498.39990234375,HINDUNILVR.NS
2022-07-07,2472.949951171875,HINDUNILVR.NS
2022-07-08,2496.85009765625,HINDUNILVR.NS
2022-07-11,2490.60009765625,HINDUNILVR.NS
2022-07-12,2449.550048828125,HINDUNILVR.NS
2022-07-13,2497.75,HINDUNILVR.NS
2022-07-14,2497.800048828125,HINDUNILVR.NS
2022-07-15,2568.5,HINDUNILVR.NS
2022-07-18,2553.5,HINDUNILVR.NS
2022-07-19,2567.949951171875,HINDUNILVR.NS
2022-07-20,2604.5,HINDUNILVR.NS
2022-07-21,2607.449951171875,HINDUNILVR.NS
2022-07-22,2640.60009765625,HINDUNILVR.NS
2022-07-25,2623.60009765625,HINDUNILVR.NS
2022-07-26,2547.10009765625,HINDUNILVR.NS
2022-07-27,2581.949951171875,HINDUNILVR.NS
2022-07-28,2620.10009765625,HINDUNILVR.NS
2022-07-29,2637.39990234375,HINDUNILVR.NS
2022-08-01,2593.0,HINDUNILVR.NS
2022-08-02,2635.25,HINDUNILVR.NS
2022-08-03,2626.35009765625,HINDUNILVR.NS
2022-08-04,2627.949951171875,HINDUNILVR.NS
2022-08-05,2645.39990234375,HINDUNILVR.NS
2022-08-08,2650.35009765625,HINDUNILVR.NS
2022-08-10,2642.800048828125,HINDUNILVR.NS
2022-08-11,2613.699951171875,HINDUNILVR.NS
2022-08-12,2594.949951171875,HINDUNILVR.NS
2022-08-16,2644.5,HINDUNILVR.NS
2022-08-17,2684.64990234375,HINDUNILVR.NS
2022-08-18,2682.050048828125,HINDUNILVR.NS
2022-08-19,2634.550048828125,HINDUNILVR.NS
2022-08-22,2626.699951171875,HINDUNILVR.NS
2022-08-23,2592.75,HINDUNILVR.NS
2022-08-24,2588.25,HINDUNILVR.NS
2022-08-25,2574.199951171875,HINDUNILVR.NS
2022-08-26,2571.550048828125,HINDUNILVR.NS
2022-08-29,2575.800048828125,HINDUNILVR.NS
2022-08-30,2659.85009765625,HINDUNILVR.NS
2022-09-01,2606.0,HINDUNILVR.NS
2022-09-02,2603.60009765625,HINDUNILVR.NS
2022-09-05,2600.60009765625,HINDUNILVR.NS
2022-09-06,2573.10009765625,HINDUNILVR.NS
2022-09-07,2564.60009765625,HINDUNILVR.NS
2022-09-08,2577.14990234375,HINDUNILVR.NS
2022-09-09,2588.699951171875,HINDUNILVR.NS
2022-09-12,2580.39990234375,HINDUNILVR.NS
2022-09-13,2586.60009765625,HINDUNILVR.NS
2022-09-14,2571.39990234375,HINDUNILVR.NS
2022-09-15,2560.39990234375,HINDUNILVR.NS
2022-09-16,2528.14990234375,HINDUNILVR.NS
2022-09-19,2579.25,HINDUNILVR.NS
2022-09-20,2583.550048828125,HINDUNILVR.NS
2022-09-21,2623.60009765625,HINDUNILVR.NS
2022-09-22,2692.75,HINDUNILVR.NS
2022-09-23,2682.050048828125,HINDUNILVR.NS
2022-09-26,2660.550048828125,HINDUNILVR.NS
2022-09-27,2679.25,HINDUNILVR.NS
2022-09-28,2702.10009765625,HINDUNILVR.NS
2022-09-29,2700.550048828125,HINDUNILVR.NS
2022-09-30,2696.449951171875,HINDUNILVR.NS
2022-10-03,2622.5,HINDUNILVR.NS
2022-10-04,2667.949951171875,HINDUNILVR.NS
2022-10-06,2614.0,HINDUNILVR.NS
2022-10-07,2599.699951171875,HINDUNILVR.NS
2022-10-10,2605.60009765625,HINDUNILVR.NS
2022-10-11,2550.64990234375,HINDUNILVR.NS
2022-10-12,2591.35009765625,HINDUNILVR.NS
2022-10-13,2566.39990234375,HINDUNILVR.NS
2022-10-14,2575.800048828125,HINDUNILVR.NS
2022-10-17,2590.550048828125,HINDUNILVR.NS
2022-10-18,2602.25,HINDUNILVR.NS
2022-10-19,2583.0,HINDUNILVR.NS
2022-10-20,2600.89990234375,HINDUNILVR.NS
2022-10-21,2653.89990234375,HINDUNILVR.NS
2022-10-24,2573.10009765625,HINDUNILVR.NS
2022-10-25,2505.39990234375,HINDUNILVR.NS
2022-10-27,2519.0,HINDUNILVR.NS
2022-10-28,2524.25,HINDUNILVR.NS
2022-10-31,2550.699951171875,HINDUNILVR.NS
2022-11-01,2551.800048828125,HINDUNILVR.NS
2022-11-02,2518.300048828125,HINDUNILVR.NS
2022-11-03,2546.35009765625,HINDUNILVR.NS
2022-11-04,2520.35009765625,HINDUNILVR.NS
2022-11-07,2532.800048828125,HINDUNILVR.NS
2022-11-09,2508.800048828125,HINDUNILVR.NS
2022-11-10,2513.60009765625,HINDUNILVR.NS
2022-11-11,2503.050048828125,HINDUNILVR.NS
2022-11-14,2457.800048828125,HINDUNILVR.NS
2022-11-15,2457.5,HINDUNILVR.NS
2022-11-16,2477.85009765625,HINDUNILVR.NS
2022-11-17,2460.0,HINDUNILVR.NS
2022-11-18,2483.699951171875,HINDUNILVR.NS
2022-11-21,2501.39990234375,HINDUNILVR.NS
2022-11-22,2515.699951171875,HINDUNILVR.NS
2022-11-23,2507.35009765625,HINDUNILVR.NS
2022-11-24,2549.14990234375,HINDUNILVR.NS
2022-11-25,2537.449951171875,HINDUNILVR.NS
2022-11-28,2525.199951171875,HINDUNILVR.NS
2022-11-29,2634.199951171875,HINDUNILVR.NS
2022-11-30,2684.35009765625,HINDUNILVR.NS
2022-12-01,2662.85009765625,HINDUNILVR.NS
2022-12-02,2615.10009765625,HINDUNILVR.NS
2022-12-05,2619.85009765625,HINDUNILVR.NS
2022-12-06,2654.550048828125,HINDUNILVR.NS
2022-12-07,2707.35009765625,HINDUNILVR.NS
2022-12-08,2705.449951171875,HINDUNILVR.NS
2022-12-09,2722.25,HINDUNILVR.NS
2022-12-12,2717.25,HINDUNILVR.NS
2022-12-13,2710.300048828125,HINDUNILVR.NS
2022-12-14,2684.64990234375,HINDUNILVR.NS
2022-12-15,2663.25,HINDUNILVR.NS
2022-12-16,2671.300048828125,HINDUNILVR.NS
2022-12-19,2718.10009765625,HINDUNILVR.NS
2022-12-20,2674.550048828125,HINDUNILVR.NS
2022-12-21,2666.199951171875,HINDUNILVR.NS
2022-12-22,2645.35009765625,HINDUNILVR.NS
2022-12-23,2621.10009765625,HINDUNILVR.NS
2022-12-26,2617.449951171875,HINDUNILVR.NS
2022-12-27,2593.25,HINDUNILVR.NS
2022-12-28,2583.60009765625,HINDUNILVR.NS
2022-12-29,2568.050048828125,HINDUNILVR.NS
2022-12-30,2561.050048828125,HINDUNILVR.NS
2023-01-02,2558.39990234375,HINDUNILVR.NS
2023-01-03,2542.050048828125,HINDUNILVR.NS
2023-01-04,2536.10009765625,HINDUNILVR.NS
2023-01-05,2583.699951171875,HINDUNILVR.NS
2023-01-06,2576.449951171875,HINDUNILVR.NS
2023-01-09,2624.050048828125,HINDUNILVR.NS
2023-01-10,2643.85009765625,HINDUNILVR.NS
2023-01-11,2593.25,HINDUNILVR.NS
2023-01-12,2590.050048828125,HINDUNILVR.NS
2023-01-13,2624.0,HINDUNILVR.NS
2023-01-16,2597.10009765625,HINDUNILVR.NS
2023-01-17,2667.550048828125,HINDUNILVR.NS
2023-01-18,2686.199951171875,HINDUNILVR.NS
2023-01-19,2649.75,HINDUNILVR.NS
2023-01-20,2548.75,HINDUNILVR.NS
2023-01-23,2596.39990234375,HINDUNILVR.NS
2023-01-24,2600.5,HINDUNILVR.NS
2023-01-25,2622.35009765625,HINDUNILVR.NS
2023-01-27,2612.14990234375,HINDUNILVR.NS
2023-01-30,2568.14990234375,HINDUNILVR.NS
2023-01-31,2576.75,HINDUNILVR.NS
2023-02-01,2574.25,HINDUNILVR.NS
2023-02-02,2634.85009765625,HINDUNILVR.NS
2023-02-03,2648.75,HINDUNILVR.NS
2023-02-06,2637.60009765625,HINDUNILVR.NS
2023-02-07,2601.199951171875,HINDUNILVR.NS
2023-02-08,2582.800048828125,HINDUNILVR.NS
2023-02-09,2586.699951171875,HINDUNILVR.NS
2023-02-10,2577.5,HINDUNILVR.NS
2023-02-13,2581.0,HINDUNILVR.NS
2023-02-14,2579.60009765625,HINDUNILVR.NS
2023-02-15,2548.449951171875,HINDUNILVR.NS
2023-02-16,2527.10009765625,HINDUNILVR.NS
2023-02-17,2515.5,HINDUNILVR.NS
2023-02-20,2511.449951171875,HINDUNILVR.NS
2023-02-21,2516.14990234375,HINDUNILVR.NS
2023-02-22,2494.050048828125,HINDUNILVR.NS
2023-02-23,2490.64990234375,HINDUNILVR.NS
2023-02-24,2484.199951171875,HINDUNILVR.NS
2023-02-27,2468.14990234375,HINDUNILVR.NS
2023-02-28,2460.64990234375,HINDUNILVR.NS
2023-03-01,2466.25,HINDUNILVR.NS
2023-03-02,2455.35009765625,HINDUNILVR.NS
2023-03-03,2471.0,HINDUNILVR.NS
2023-03-06,2484.85009765625,HINDUNILVR.NS
2023-03-08,2485.10009765625,HINDUNILVR.NS
2023-03-09,2461.39990234375,HINDUNILVR.NS
2023-03-10,2465.449951171875,HINDUNILVR.NS
2023-03-13,2455.10009765625,HINDUNILVR.NS
2023-03-14,2442.449951171875,HINDUNILVR.NS
2023-03-15,2406.10009765625,HINDUNILVR.NS
2023-03-16,2459.35009765625,HINDUNILVR.NS
2023-03-17,2447.39990234375,HINDUNILVR.NS
2023-03-20,2511.199951171875,HINDUNILVR.NS
2023-03-21,2462.60009765625,HINDUNILVR.NS
2023-03-22,2476.35009765625,HINDUNILVR.NS
2023-03-23,2485.10009765625,HINDUNILVR.NS
2023-03-24,2480.800048828125,HINDUNILVR.NS
2023-03-27,2499.0,HINDUNILVR.NS
2023-03-28,2482.800048828125,HINDUNILVR.NS
2023-03-29,2530.85009765625,HINDUNILVR.NS
2023-03-31,2560.35009765625,HINDUNILVR.NS
2023-04-03,2536.10009765625,HINDUNILVR.NS
2023-04-05,2582.75,HINDUNILVR.NS
2023-04-06,2565.25,HINDUNILVR.NS
2023-04-10,2532.14990234375,HINDUNILVR.NS
2023-04-11,2547.75,HINDUNILVR.NS
2023-04-12,2528.949951171875,HINDUNILVR.NS
2023-04-13,2536.199951171875,HINDUNILVR.NS
2023-04-17,2551.85009765625,HINDUNILVR.NS
2023-04-18,2541.050048828125,HINDUNILVR.NS
2023-04-19,2531.60009765625,HINDUNILVR.NS
2023-04-20,2492.60009765625,HINDUNILVR.NS
2023-04-21,2497.949951171875,HINDUNILVR.NS
2023-04-24,2499.75,HINDUNILVR.NS
2023-04-25,2490.449951171875,HINDUNILVR.NS
2023-04-26,2510.800048828125,HINDUNILVR.NS
2023-04-27,2468.949951171875,HINDUNILVR.NS
2023-04-28,2457.300048828125,HINDUNILVR.NS
2023-05-02,2451.699951171875,HINDUNILVR.NS
2023-05-03,2486.0,HINDUNILVR.NS
2023-05-04,2506.75,HINDUNILVR.NS
2023-05-05,2500.75,HINDUNILVR.NS
2023-05-08,2516.300048828125,HINDUNILVR.NS
2023-05-09,2515.800048828125,HINDUNILVR.NS
2023-05-10,2522.699951171875,HINDUNILVR.NS
2023-05-11,2592.39990234375,HINDUNILVR.NS
2023-05-12,2623.39990234375,HINDUNILVR.NS
2023-05-15,2662.25,HINDUNILVR.NS
2023-05-16,2675.89990234375,HINDUNILVR.NS
2023-05-17,2661.75,HINDUNILVR.NS
2023-05-18,2627.550048828125,HINDUNILVR.NS
2023-05-19,2641.449951171875,HINDUNILVR.NS
2023-05-22,2638.10009765625,HINDUNILVR.NS
2023-05-23,2628.300048828125,HINDUNILVR.NS
2023-05-24,2614.949951171875,HINDUNILVR.NS
2023-05-25,2597.25,HINDUNILVR.NS
2023-05-26,2652.35009765625,HINDUNILVR.NS
2023-05-29,2650.300048828125,HINDUNILVR.NS
2023-05-30,2656.550048828125,HINDUNILVR.NS
2023-05-31,2667.550048828125,HINDUNILVR.NS
2023-06-01,2697.89990234375,HINDUNILVR.NS
2023-06-02,2716.699951171875,HINDUNILVR.NS
2023-06-05,2695.800048828125,HINDUNILVR.NS
2023-06-06,2691.14990234375,HINDUNILVR.NS
2023-06-07,2716.199951171875,HINDUNILVR.NS
2023-06-08,2679.89990234375,HINDUNILVR.NS
2023-06-09,2636.199951171875,HINDUNILVR.NS
2023-06-12,2643.449951171875,HINDUNILVR.NS
2023-06-13,2675.89990234375,HINDUNILVR.NS
2023-06-14,2698.75,HINDUNILVR.NS
2023-06-15,2689.699951171875,HINDUNILVR.NS
2023-06-16,2715.64990234375,HINDUNILVR.NS
2023-06-19,2683.25,HINDUNILVR.NS
2023-06-20,2676.10009765625,HINDUNILVR.NS
2023-06-21,2676.60009765625,HINDUNILVR.NS
2023-06-22,2654.35009765625,HINDUNILVR.NS
2023-06-23,2641.60009765625,HINDUNILVR.NS
2023-06-26,2652.10009765625,HINDUNILVR.NS
2023-06-27,2651.35009765625,HINDUNILVR.NS
2023-06-28,2651.35009765625,HINDUNILVR.NS
2023-06-30,2678.14990234375,HINDUNILVR.NS
2023-07-03,2701.050048828125,HINDUNILVR.NS
2023-07-04,2700.0,HINDUNILVR.NS
2023-07-05,2755.85009765625,HINDUNILVR.NS
2023-07-06,2757.10009765625,HINDUNILVR.NS
2023-07-07,2698.10009765625,HINDUNILVR.NS
2023-07-10,2656.550048828125,HINDUNILVR.NS
2023-07-11,2684.5,HINDUNILVR.NS
2023-07-12,2673.64990234375,HINDUNILVR.NS
2023-07-13,2654.699951171875,HINDUNILVR.NS
2023-07-14,2676.89990234375,HINDUNILVR.NS
2023-07-17,2681.699951171875,HINDUNILVR.NS
2023-07-18,2682.800048828125,HINDUNILVR.NS
2023-07-19,2671.60009765625,HINDUNILVR.NS
2023-07-20,2703.25,HINDUNILVR.NS
2023-07-21,2604.0,HINDUNILVR.NS
2023-07-24,2580.25,HINDUNILVR.NS
2023-07-25,2568.14990234375,HINDUNILVR.NS
2023-07-26,2583.300048828125,HINDUNILVR.NS
2023-07-27,2569.85009765625,HINDUNILVR.NS
2023-07-28,2584.60009765625,HINDUNILVR.NS
2023-07-31,2560.800048828125,HINDUNILVR.NS
2023-08-01,2551.10009765625,HINDUNILVR.NS
2023-08-02,2568.949951171875,HINDUNILVR.NS
2023-08-03,2551.300048828125,HINDUNILVR.NS
2023-08-04,2546.0,HINDUNILVR.NS
2023-08-07,2569.199951171875,HINDUNILVR.NS
2023-08-08,2565.85009765625,HINDUNILVR.NS
2023-08-09,2552.199951171875,HINDUNILVR.NS
2023-08-10,2536.699951171875,HINDUNILVR.NS
2023-08-11,2501.800048828125,HINDUNILVR.NS
2023-08-14,2533.10009765625,HINDUNILVR.NS
2023-08-16,2552.60009765625,HINDUNILVR.NS
2023-08-17,2543.25,HINDUNILVR.NS
2023-08-18,2554.75,HINDUNILVR.NS
2023-08-21,2562.75,HINDUNILVR.NS
2023-08-22,2565.800048828125,HINDUNILVR.NS
2023-08-23,2574.050048828125,HINDUNILVR.NS
2023-08-24,2581.25,HINDUNILVR.NS
2023-08-25,2563.550048828125,HINDUNILVR.NS
2023-08-28,2555.699951171875,HINDUNILVR.NS
2023-08-29,2526.14990234375,HINDUNILVR.NS
2023-08-30,2531.949951171875,HINDUNILVR.NS
2023-08-31,2505.050048828125,HINDUNILVR.NS
2023-09-01,2504.800048828125,HINDUNILVR.NS
2023-09-04,2501.39990234375,HINDUNILVR.NS
2023-09-05,2507.050048828125,HINDUNILVR.NS
2023-09-06,2523.5,HINDUNILVR.NS
2023-09-07,2507.449951171875,HINDUNILVR.NS
2023-09-08,2513.800048828125,HINDUNILVR.NS
2023-09-11,2536.25,HINDUNILVR.NS
2023-09-12,2498.85009765625,HINDUNILVR.NS
2023-09-13,2506.550048828125,HINDUNILVR.NS
2023-09-14,2500.800048828125,HINDUNILVR.NS
2023-09-15,2469.699951171875,HINDUNILVR.NS
2023-09-18,2488.64990234375,HINDUNILVR.NS
2023-09-20,2466.85009765625,HINDUNILVR.NS
2023-09-21,2473.35009765625,HINDUNILVR.NS
2023-09-22,2482.449951171875,HINDUNILVR.NS
2023-09-25,2475.85009765625,HINDUNILVR.NS
2023-09-26,2478.949951171875,HINDUNILVR.NS
2023-09-27,2501.75,HINDUNILVR.NS
2023-09-28,2460.35009765625,HINDUNILVR.NS
2023-09-29,2465.60009765625,HINDUNILVR.NS
2023-10-03,2468.89990234375,HINDUNILVR.NS
2023-10-04,2507.85009765625,HINDUNILVR.NS
2023-10-05,2519.550048828125,HINDUNILVR.NS
2023-10-06,2499.39990234375,HINDUNILVR.NS
2023-10-09,2511.300048828125,HINDUNILVR.NS
2023-10-10,2516.199951171875,HINDUNILVR.NS
2023-10-11,2556.39990234375,HINDUNILVR.NS
2023-10-12,2557.0,HINDUNILVR.NS
2023-10-13,2569.449951171875,HINDUNILVR.NS
2023-10-16,2558.300048828125,HINDUNILVR.NS
2023-10-17,2556.14990234375,HINDUNILVR.NS
2023-10-18,2548.25,HINDUNILVR.NS
2023-10-19,2548.10009765625,HINDUNILVR.NS
2023-10-20,2495.14990234375,HINDUNILVR.NS
2023-10-23,2483.5,HINDUNILVR.NS
2023-10-25,2477.300048828125,HINDUNILVR.NS
2023-10-26,2476.39990234375,HINDUNILVR.NS
2023-10-27,2482.050048828125,HINDUNILVR.NS
2023-10-30,2478.89990234375,HINDUNILVR.NS
2023-10-31,2484.0,HINDUNILVR.NS
2023-11-01,2472.25,HINDUNILVR.NS
2023-11-02,2486.800048828125,HINDUNILVR.NS
2023-11-03,2509.25,HINDUNILVR.NS
2023-11-06,2497.39990234375,HINDUNILVR.NS
2023-11-07,2496.449951171875,HINDUNILVR.NS
2023-11-08,2519.35009765625,HINDUNILVR.NS
2023-11-09,2476.699951171875,HINDUNILVR.NS
2023-11-10,2486.550048828125,HINDUNILVR.NS
2023-11-13,2478.14990234375,HINDUNILVR.NS
2023-11-15,2486.39990234375,HINDUNILVR.NS
2023-11-16,2491.199951171875,HINDUNILVR.NS
2023-11-17,2528.800048828125,HINDUNILVR.NS
2023-11-20,2506.449951171875,HINDUNILVR.NS
2023-11-21,2505.25,HINDUNILVR.NS
2023-11-22,2521.89990234375,HINDUNILVR.NS
2023-11-23,2519.89990234375,HINDUNILVR.NS
2023-11-24,2515.199951171875,HINDUNILVR.NS
2023-11-28,2510.550048828125,HINDUNILVR.NS
2023-11-29,2525.050048828125,HINDUNILVR.NS
2023-11-30,2545.550048828125,HINDUNILVR.NS
2023-12-01,2563.64990234375,HINDUNILVR.NS
2023-12-04,2602.300048828125,HINDUNILVR.NS
2023-12-05,2563.25,HINDUNILVR.NS
2023-12-06,2567.64990234375,HINDUNILVR.NS
2023-12-07,2518.25,HINDUNILVR.NS
2023-12-08,2522.300048828125,HINDUNILVR.NS
2023-12-11,2503.64990234375,HINDUNILVR.NS
2023-12-12,2502.75,HINDUNILVR.NS
2023-12-13,2511.89990234375,HINDUNILVR.NS
2023-12-14,2516.35009765625,HINDUNILVR.NS
2023-12-15,2522.89990234375,HINDUNILVR.NS
2023-12-18,2535.5,HINDUNILVR.NS
2023-12-19,2560.699951171875,HINDUNILVR.NS
2023-12-20,2557.5,HINDUNILVR.NS
2023-12-21,2553.199951171875,HINDUNILVR.NS
2023-12-22,2575.60009765625,HINDUNILVR.NS
2023-12-26,2584.75,HINDUNILVR.NS
