,date,close,ticker
0,2018-12-27,7499.9501953125,MARUTI.NS
1,2018-12-28,7505.5498046875,MARUTI.NS
2,2018-12-31,7465.5,MARUTI.NS
3,2019-01-01,7476.7998046875,MARUTI.NS
4,2019-01-02,7267.85009765625,MARUTI.NS
5,2019-01-03,7203.9501953125,MARUTI.NS
6,2019-01-04,7234.5,MARUTI.NS
7,2019-01-07,7362.0498046875,MARUTI.NS
8,2019-01-08,7439.5,MARUTI.NS
9,2019-01-09,7492.89990234375,MARUTI.NS
10,2019-01-10,7391.60009765625,MARUTI.NS
11,2019-01-11,7320.5,MARUTI.NS
12,2019-01-14,7408.7001953125,MARUTI.NS
13,2019-01-15,7355.14990234375,MARUTI.NS
14,2019-01-16,7310.25,MARUTI.NS
15,2019-01-17,7336.25,MARUTI.NS
16,2019-01-18,7357.9501953125,MARUTI.NS
17,2019-01-21,7208.39990234375,MARUTI.NS
18,2019-01-22,7068.85009765625,MARUTI.NS
19,2019-01-23,7045.39990234375,MARUTI.NS
20,2019-01-24,7040.60009765625,MARUTI.NS
21,2019-01-25,6513.39990234375,MARUTI.NS
22,2019-01-28,6511.0498046875,MARUTI.NS
23,2019-01-29,6526.9501953125,MARUTI.NS
24,2019-01-30,6548.25,MARUTI.NS
25,2019-01-31,6641.14990234375,MARUTI.NS
26,2019-02-01,6962.2998046875,MARUTI.NS
27,2019-02-04,6988.2001953125,MARUTI.NS
28,2019-02-05,7093.60009765625,MARUTI.NS
29,2019-02-06,7183.39990234375,MARUTI.NS
30,2019-02-07,7302.5498046875,MARUTI.NS
31,2019-02-08,7134.25,MARUTI.NS
32,2019-02-11,7177.89990234375,MARUTI.NS
33,2019-02-12,7162.5,MARUTI.NS
34,2019-02-14,7017.5,MARUTI.NS
35,2019-02-15,6930.0498046875,MARUTI.NS
36,2019-02-18,6842.7001953125,MARUTI.NS
37,2019-02-19,6804.5498046875,MARUTI.NS
38,2019-02-20,6849.89990234375,MARUTI.NS
39,2019-02-21,6801.5498046875,MARUTI.NS
40,2019-02-22,6912.39990234375,MARUTI.NS
41,2019-02-25,6924.89990234375,MARUTI.NS
42,2019-02-26,6904.2998046875,MARUTI.NS
43,2019-02-27,6968.5,MARUTI.NS
44,2019-02-28,6829.7001953125,MARUTI.NS
45,2019-03-01,6935.14990234375,MARUTI.NS
46,2019-03-05,7117.75,MARUTI.NS
47,2019-03-06,7056.89990234375,MARUTI.NS
48,2019-03-07,7029.0498046875,MARUTI.NS
49,2019-03-08,6967.7001953125,MARUTI.NS
50,2019-03-11,7081.89990234375,MARUTI.NS
51,2019-03-12,7157.2001953125,MARUTI.NS
52,2019-03-13,7091.0498046875,MARUTI.NS
53,2019-03-14,7086.2998046875,MARUTI.NS
54,2019-03-15,7084.0,MARUTI.NS
55,2019-03-18,6894.0,MARUTI.NS
56,2019-03-19,6825.2001953125,MARUTI.NS
57,2019-03-20,6673.5498046875,MARUTI.NS
58,2019-03-22,6552.7001953125,MARUTI.NS
59,2019-03-25,6522.60009765625,MARUTI.NS
60,2019-03-26,6585.7001953125,MARUTI.NS
61,2019-03-27,6518.0,MARUTI.NS
62,2019-03-28,6596.25,MARUTI.NS
63,2019-04-01,6840.7001953125,MARUTI.NS
64,2019-04-02,6889.7001953125,MARUTI.NS
65,2019-04-03,7072.89990234375,MARUTI.NS
66,2019-04-04,7113.10009765625,MARUTI.NS
67,2019-04-05,7107.7001953125,MARUTI.NS
68,2019-04-08,7129.4501953125,MARUTI.NS
69,2019-04-09,7216.5498046875,MARUTI.NS
70,2019-04-10,7186.35009765625,MARUTI.NS
71,2019-04-11,7187.85009765625,MARUTI.NS
72,2019-04-12,7342.85009765625,MARUTI.NS
73,2019-04-15,7352.5,MARUTI.NS
74,2019-04-16,7458.5498046875,MARUTI.NS
75,2019-04-18,7447.4501953125,MARUTI.NS
76,2019-04-22,7321.25,MARUTI.NS
77,2019-04-23,7048.89990234375,MARUTI.NS
78,2019-04-24,7016.7001953125,MARUTI.NS
79,2019-04-25,6905.25,MARUTI.NS
80,2019-04-26,6842.85009765625,MARUTI.NS
81,2019-04-30,6666.39990234375,MARUTI.NS
82,2019-05-02,6683.25,MARUTI.NS
83,2019-05-03,6710.0,MARUTI.NS
84,2019-05-06,6709.64990234375,MARUTI.NS
85,2019-05-07,6702.0,MARUTI.NS
86,2019-05-08,6650.14990234375,MARUTI.NS
87,2019-05-09,6624.9501953125,MARUTI.NS
88,2019-05-10,6631.60009765625,MARUTI.NS
89,2019-05-13,6543.75,MARUTI.NS
90,2019-05-14,6576.2001953125,MARUTI.NS
91,2019-05-15,6493.75,MARUTI.NS
92,2019-05-16,6479.64990234375,MARUTI.NS
93,2019-05-17,6706.85009765625,MARUTI.NS
94,2019-05-20,7084.60009765625,MARUTI.NS
95,2019-05-21,6875.35009765625,MARUTI.NS
96,2019-05-22,6899.7998046875,MARUTI.NS
97,2019-05-23,6929.25,MARUTI.NS
98,2019-05-24,7093.14990234375,MARUTI.NS
99,2019-05-27,7068.4501953125,MARUTI.NS
100,2019-05-28,7054.64990234375,MARUTI.NS
101,2019-05-29,6891.4501953125,MARUTI.NS
102,2019-05-30,6867.7001953125,MARUTI.NS
103,2019-05-31,6869.85009765625,MARUTI.NS
104,2019-06-03,7022.89990234375,MARUTI.NS
105,2019-06-04,7051.7998046875,MARUTI.NS
106,2019-06-06,6988.7001953125,MARUTI.NS
107,2019-06-07,6948.25,MARUTI.NS
108,2019-06-10,6969.9501953125,MARUTI.NS
109,2019-06-11,6978.2998046875,MARUTI.NS
110,2019-06-12,6852.0,MARUTI.NS
111,2019-06-13,6784.7001953125,MARUTI.NS
112,2019-06-14,6747.39990234375,MARUTI.NS
113,2019-06-17,6581.64990234375,MARUTI.NS
114,2019-06-18,6439.0,MARUTI.NS
115,2019-06-19,6424.64990234375,MARUTI.NS
116,2019-06-20,6616.75,MARUTI.NS
117,2019-06-21,6417.25,MARUTI.NS
118,2019-06-24,6459.89990234375,MARUTI.NS
119,2019-06-25,6522.5,MARUTI.NS
120,2019-06-26,6480.2998046875,MARUTI.NS
121,2019-06-27,6486.7001953125,MARUTI.NS
122,2019-06-28,6534.64990234375,MARUTI.NS
123,2019-07-01,6507.85009765625,MARUTI.NS
124,2019-07-02,6560.0,MARUTI.NS
125,2019-07-03,6533.7998046875,MARUTI.NS
126,2019-07-04,6544.4501953125,MARUTI.NS
127,2019-07-05,6360.0,MARUTI.NS
128,2019-07-08,6038.7001953125,MARUTI.NS
129,2019-07-09,5945.4501953125,MARUTI.NS
130,2019-07-10,5927.89990234375,MARUTI.NS
131,2019-07-11,6031.2001953125,MARUTI.NS
132,2019-07-12,5971.4501953125,MARUTI.NS
133,2019-07-15,6079.7001953125,MARUTI.NS
134,2019-07-16,6158.0498046875,MARUTI.NS
135,2019-07-17,6075.7001953125,MARUTI.NS
136,2019-07-18,5882.35009765625,MARUTI.NS
137,2019-07-19,5769.10009765625,MARUTI.NS
138,2019-07-22,5912.5,MARUTI.NS
139,2019-07-23,5873.75,MARUTI.NS
140,2019-07-24,5768.0,MARUTI.NS
141,2019-07-25,5756.75,MARUTI.NS
142,2019-07-26,5805.64990234375,MARUTI.NS
143,2019-07-29,5561.25,MARUTI.NS
144,2019-07-30,5507.14990234375,MARUTI.NS
145,2019-07-31,5469.7001953125,MARUTI.NS
146,2019-08-01,5572.60009765625,MARUTI.NS
147,2019-08-02,5689.35009765625,MARUTI.NS
148,2019-08-05,5670.35009765625,MARUTI.NS
149,2019-08-06,5833.2998046875,MARUTI.NS
150,2019-08-07,5775.0,MARUTI.NS
151,2019-08-08,5902.25,MARUTI.NS
152,2019-08-09,6099.89990234375,MARUTI.NS
153,2019-08-13,5815.4501953125,MARUTI.NS
154,2019-08-14,5816.0,MARUTI.NS
155,2019-08-16,5975.0498046875,MARUTI.NS
156,2019-08-19,5982.5498046875,MARUTI.NS
157,2019-08-20,6190.9501953125,MARUTI.NS
158,2019-08-21,6228.89990234375,MARUTI.NS
159,2019-08-22,6208.5498046875,MARUTI.NS
160,2019-08-23,6254.35009765625,MARUTI.NS
161,2019-08-26,6255.5498046875,MARUTI.NS
162,2019-08-27,6277.75,MARUTI.NS
163,2019-08-28,6103.39990234375,MARUTI.NS
164,2019-08-29,6110.2001953125,MARUTI.NS
165,2019-08-30,6123.75,MARUTI.NS
166,2019-09-03,6049.7001953125,MARUTI.NS
167,2019-09-04,5830.75,MARUTI.NS
168,2019-09-05,5968.64990234375,MARUTI.NS
169,2019-09-06,6186.9501953125,MARUTI.NS
170,2019-09-09,6335.5,MARUTI.NS
171,2019-09-11,6597.2998046875,MARUTI.NS
172,2019-09-12,6392.0498046875,MARUTI.NS
173,2019-09-13,6450.2998046875,MARUTI.NS
174,2019-09-16,6412.75,MARUTI.NS
175,2019-09-17,6130.39990234375,MARUTI.NS
176,2019-09-18,6095.0498046875,MARUTI.NS
177,2019-09-19,5971.75,MARUTI.NS
178,2019-09-20,6591.9501953125,MARUTI.NS
179,2019-09-23,6897.85009765625,MARUTI.NS
180,2019-09-24,7009.10009765625,MARUTI.NS
181,2019-09-25,6638.5,MARUTI.NS
182,2019-09-26,6857.4501953125,MARUTI.NS
183,2019-09-27,6773.7001953125,MARUTI.NS
184,2019-09-30,6715.7998046875,MARUTI.NS
185,2019-10-01,6782.0,MARUTI.NS
186,2019-10-03,6754.0498046875,MARUTI.NS
187,2019-10-04,6649.60009765625,MARUTI.NS
188,2019-10-07,6629.85009765625,MARUTI.NS
189,2019-10-09,6719.5498046875,MARUTI.NS
190,2019-10-10,6605.4501953125,MARUTI.NS
191,2019-10-11,6698.89990234375,MARUTI.NS
192,2019-10-14,6821.10009765625,MARUTI.NS
193,2019-10-15,6985.75,MARUTI.NS
194,2019-10-16,6975.0,MARUTI.NS
195,2019-10-17,7123.89990234375,MARUTI.NS
196,2019-10-18,7302.2998046875,MARUTI.NS
197,2019-10-22,7256.25,MARUTI.NS
198,2019-10-23,7440.25,MARUTI.NS
199,2019-10-24,7391.39990234375,MARUTI.NS
200,2019-10-25,7471.14990234375,MARUTI.NS
201,2019-10-27,7422.10009765625,MARUTI.NS
202,2019-10-29,7721.2998046875,MARUTI.NS
203,2019-10-30,7556.9501953125,MARUTI.NS
204,2019-10-31,7559.39990234375,MARUTI.NS
205,2019-11-01,7618.64990234375,MARUTI.NS
206,2019-11-04,7424.0,MARUTI.NS
207,2019-11-05,7389.0,MARUTI.NS
208,2019-11-06,7311.14990234375,MARUTI.NS
209,2019-11-07,7287.14990234375,MARUTI.NS
210,2019-11-08,7200.5498046875,MARUTI.NS
211,2019-11-11,7137.2998046875,MARUTI.NS
212,2019-11-13,7154.60009765625,MARUTI.NS
213,2019-11-14,7247.14990234375,MARUTI.NS
214,2019-11-15,7147.2001953125,MARUTI.NS
215,2019-11-18,7098.4501953125,MARUTI.NS
216,2019-11-19,7045.4501953125,MARUTI.NS
217,2019-11-20,7152.75,MARUTI.NS
218,2019-11-21,7019.0498046875,MARUTI.NS
219,2019-11-22,7060.4501953125,MARUTI.NS
220,2019-11-25,7236.10009765625,MARUTI.NS
221,2019-11-26,7125.0,MARUTI.NS
222,2019-11-27,7294.39990234375,MARUTI.NS
223,2019-11-28,7261.25,MARUTI.NS
224,2019-11-29,7245.85009765625,MARUTI.NS
225,2019-12-02,7139.35009765625,MARUTI.NS
226,2019-12-03,7138.7998046875,MARUTI.NS
227,2019-12-04,7076.10009765625,MARUTI.NS
228,2019-12-05,7012.85009765625,MARUTI.NS
229,2019-12-06,6886.7001953125,MARUTI.NS
230,2019-12-09,6994.75,MARUTI.NS
231,2019-12-10,6963.64990234375,MARUTI.NS
232,2019-12-11,6993.2001953125,MARUTI.NS
233,2019-12-12,6999.7998046875,MARUTI.NS
234,2019-12-13,7214.9501953125,MARUTI.NS
235,2019-12-16,7140.0498046875,MARUTI.NS
236,2019-12-17,7195.14990234375,MARUTI.NS
237,2019-12-18,7240.64990234375,MARUTI.NS
238,2019-12-19,7240.64990234375,MARUTI.NS
239,2019-12-20,7261.5,MARUTI.NS
240,2019-12-23,7360.89990234375,MARUTI.NS
241,2019-12-24,7327.7998046875,MARUTI.NS
242,2019-12-26,7240.89990234375,MARUTI.NS
243,2019-12-27,7344.89990234375,MARUTI.NS
244,2019-12-30,7416.25,MARUTI.NS
245,2019-12-31,7368.60009765625,MARUTI.NS
246,2020-01-01,7311.7001953125,MARUTI.NS
247,2020-01-02,7329.85009765625,MARUTI.NS
248,2020-01-03,7254.25,MARUTI.NS
249,2020-01-06,7042.39990234375,MARUTI.NS
250,2020-01-07,7073.60009765625,MARUTI.NS
251,2020-01-08,7035.2001953125,MARUTI.NS
252,2020-01-09,7227.89990234375,MARUTI.NS
253,2020-01-10,7330.5,MARUTI.NS
254,2020-01-13,7352.7001953125,MARUTI.NS
255,2020-01-14,7386.7998046875,MARUTI.NS
256,2020-01-15,7482.9501953125,MARUTI.NS
257,2020-01-16,7462.64990234375,MARUTI.NS
258,2020-01-17,7520.14990234375,MARUTI.NS
259,2020-01-20,7449.60009765625,MARUTI.NS
260,2020-01-21,7302.64990234375,MARUTI.NS
261,2020-01-22,7135.60009765625,MARUTI.NS
262,2020-01-23,7147.10009765625,MARUTI.NS
263,2020-01-24,7128.4501953125,MARUTI.NS
264,2020-01-27,7148.7998046875,MARUTI.NS
265,2020-01-28,6997.0498046875,MARUTI.NS
266,2020-01-29,7010.2998046875,MARUTI.NS
267,2020-01-30,7020.4501953125,MARUTI.NS
268,2020-01-31,6913.5,MARUTI.NS
269,2020-02-03,7011.2998046875,MARUTI.NS
270,2020-02-04,7199.60009765625,MARUTI.NS
271,2020-02-05,7040.89990234375,MARUTI.NS
272,2020-02-06,7021.60009765625,MARUTI.NS
273,2020-02-07,6971.75,MARUTI.NS
274,2020-02-10,6892.89990234375,MARUTI.NS
275,2020-02-11,7033.75,MARUTI.NS
276,2020-02-12,7043.2998046875,MARUTI.NS
277,2020-02-13,7005.0498046875,MARUTI.NS
278,2020-02-14,6913.7998046875,MARUTI.NS
279,2020-02-17,6906.75,MARUTI.NS
280,2020-02-18,6781.10009765625,MARUTI.NS
281,2020-02-19,6756.60009765625,MARUTI.NS
282,2020-02-20,6757.60009765625,MARUTI.NS
283,2020-02-24,6470.39990234375,MARUTI.NS
284,2020-02-25,6414.5498046875,MARUTI.NS
285,2020-02-26,6234.85009765625,MARUTI.NS
286,2020-02-27,6289.7998046875,MARUTI.NS
287,2020-02-28,6283.10009765625,MARUTI.NS
288,2020-03-02,6285.14990234375,MARUTI.NS
289,2020-03-03,6386.0498046875,MARUTI.NS
290,2020-03-04,6384.35009765625,MARUTI.NS
291,2020-03-05,6365.9501953125,MARUTI.NS
292,2020-03-06,6445.9501953125,MARUTI.NS
293,2020-03-09,6201.10009765625,MARUTI.NS
294,2020-03-11,6146.2998046875,MARUTI.NS
295,2020-03-12,5643.14990234375,MARUTI.NS
296,2020-03-13,5838.60009765625,MARUTI.NS
297,2020-03-16,5480.25,MARUTI.NS
298,2020-03-17,5603.9501953125,MARUTI.NS
299,2020-03-18,5352.64990234375,MARUTI.NS
300,2020-03-19,4819.5498046875,MARUTI.NS
301,2020-03-20,5079.2001953125,MARUTI.NS
302,2020-03-23,4220.35009765625,MARUTI.NS
303,2020-03-24,4486.4501953125,MARUTI.NS
304,2020-03-25,5005.9501953125,MARUTI.NS
305,2020-03-26,4878.0,MARUTI.NS
306,2020-03-27,4646.10009765625,MARUTI.NS
307,2020-03-30,4328.4501953125,MARUTI.NS
308,2020-03-31,4288.2998046875,MARUTI.NS
309,2020-04-01,4246.35009765625,MARUTI.NS
310,2020-04-03,4011.5,MARUTI.NS
311,2020-04-07,4553.64990234375,MARUTI.NS
312,2020-04-08,4698.10009765625,MARUTI.NS
313,2020-04-09,5326.64990234375,MARUTI.NS
314,2020-04-13,5283.14990234375,MARUTI.NS
315,2020-04-15,5094.2998046875,MARUTI.NS
316,2020-04-16,5130.7998046875,MARUTI.NS
317,2020-04-17,5505.0,MARUTI.NS
318,2020-04-20,5331.35009765625,MARUTI.NS
319,2020-04-21,5001.10009765625,MARUTI.NS
320,2020-04-22,5180.85009765625,MARUTI.NS
321,2020-04-23,5156.35009765625,MARUTI.NS
322,2020-04-24,5045.64990234375,MARUTI.NS
323,2020-04-27,5056.35009765625,MARUTI.NS
324,2020-04-28,5052.7001953125,MARUTI.NS
325,2020-04-29,5068.4501953125,MARUTI.NS
326,2020-04-30,5358.7998046875,MARUTI.NS
327,2020-05-04,4886.2998046875,MARUTI.NS
328,2020-05-05,4829.85009765625,MARUTI.NS
329,2020-05-06,4843.25,MARUTI.NS
330,2020-05-07,4749.2998046875,MARUTI.NS
331,2020-05-08,4654.14990234375,MARUTI.NS
332,2020-05-11,4937.7998046875,MARUTI.NS
333,2020-05-12,4951.2998046875,MARUTI.NS
334,2020-05-13,5036.10009765625,MARUTI.NS
335,2020-05-14,5114.0498046875,MARUTI.NS
336,2020-05-15,5100.39990234375,MARUTI.NS
337,2020-05-18,4720.9501953125,MARUTI.NS
338,2020-05-19,4805.2998046875,MARUTI.NS
339,2020-05-20,4891.9501953125,MARUTI.NS
340,2020-05-21,5050.10009765625,MARUTI.NS
341,2020-05-22,5134.2998046875,MARUTI.NS
342,2020-05-26,5246.14990234375,MARUTI.NS
343,2020-05-27,5244.39990234375,MARUTI.NS
344,2020-05-28,5468.35009765625,MARUTI.NS
345,2020-05-29,5610.7998046875,MARUTI.NS
346,2020-06-01,5793.60009765625,MARUTI.NS
347,2020-06-02,5690.10009765625,MARUTI.NS
348,2020-06-03,5624.0,MARUTI.NS
349,2020-06-04,5690.2001953125,MARUTI.NS
350,2020-06-05,5746.2001953125,MARUTI.NS
351,2020-06-08,5734.7998046875,MARUTI.NS
352,2020-06-09,5662.2998046875,MARUTI.NS
353,2020-06-10,5675.60009765625,MARUTI.NS
354,2020-06-11,5426.14990234375,MARUTI.NS
355,2020-06-12,5561.75,MARUTI.NS
356,2020-06-15,5475.75,MARUTI.NS
357,2020-06-16,5502.2001953125,MARUTI.NS
358,2020-06-17,5726.2001953125,MARUTI.NS
359,2020-06-18,5714.39990234375,MARUTI.NS
360,2020-06-19,5897.35009765625,MARUTI.NS
361,2020-06-22,5896.0,MARUTI.NS
362,2020-06-23,5886.5,MARUTI.NS
363,2020-06-24,5755.35009765625,MARUTI.NS
364,2020-06-25,5762.2998046875,MARUTI.NS
365,2020-06-26,5754.89990234375,MARUTI.NS
366,2020-06-29,5678.7001953125,MARUTI.NS
367,2020-06-30,5838.2998046875,MARUTI.NS
368,2020-07-01,5803.10009765625,MARUTI.NS
369,2020-07-02,5948.4501953125,MARUTI.NS
370,2020-07-03,5932.10009765625,MARUTI.NS
371,2020-07-06,6123.60009765625,MARUTI.NS
372,2020-07-07,6226.75,MARUTI.NS
373,2020-07-08,6044.39990234375,MARUTI.NS
374,2020-07-09,6002.35009765625,MARUTI.NS
375,2020-07-10,5955.64990234375,MARUTI.NS
376,2020-07-13,5988.85009765625,MARUTI.NS
377,2020-07-14,5771.75,MARUTI.NS
378,2020-07-15,5801.2998046875,MARUTI.NS
379,2020-07-16,5875.35009765625,MARUTI.NS
380,2020-07-17,5919.5,MARUTI.NS
381,2020-07-20,5867.5,MARUTI.NS
382,2020-07-21,6130.85009765625,MARUTI.NS
383,2020-07-22,6003.39990234375,MARUTI.NS
384,2020-07-23,6065.9501953125,MARUTI.NS
385,2020-07-24,6000.7001953125,MARUTI.NS
386,2020-07-27,6043.2998046875,MARUTI.NS
387,2020-07-28,6282.7998046875,MARUTI.NS
388,2020-07-29,6185.14990234375,MARUTI.NS
389,2020-07-30,6265.39990234375,MARUTI.NS
390,2020-07-31,6262.75,MARUTI.NS
391,2020-08-03,6165.2001953125,MARUTI.NS
392,2020-08-04,6358.9501953125,MARUTI.NS
393,2020-08-05,6526.25,MARUTI.NS
394,2020-08-06,6555.75,MARUTI.NS
395,2020-08-07,6679.0,MARUTI.NS
396,2020-08-10,6608.89990234375,MARUTI.NS
397,2020-08-11,6649.2001953125,MARUTI.NS
398,2020-08-12,6730.2998046875,MARUTI.NS
399,2020-08-13,6731.64990234375,MARUTI.NS
400,2020-08-14,6588.2001953125,MARUTI.NS
401,2020-08-17,6768.39990234375,MARUTI.NS
402,2020-08-18,6893.10009765625,MARUTI.NS
403,2020-08-19,6990.2998046875,MARUTI.NS
404,2020-08-20,6974.7001953125,MARUTI.NS
405,2020-08-21,6973.0,MARUTI.NS
406,2020-08-24,7082.5,MARUTI.NS
407,2020-08-25,7109.9501953125,MARUTI.NS
408,2020-08-26,7008.64990234375,MARUTI.NS
409,2020-08-27,7098.0,MARUTI.NS
410,2020-08-28,7104.10009765625,MARUTI.NS
411,2020-08-31,6839.9501953125,MARUTI.NS
412,2020-09-01,6905.64990234375,MARUTI.NS
413,2020-09-02,6920.75,MARUTI.NS
414,2020-09-03,7072.60009765625,MARUTI.NS
415,2020-09-04,7190.10009765625,MARUTI.NS
416,2020-09-07,7209.14990234375,MARUTI.NS
417,2020-09-08,7224.0,MARUTI.NS
418,2020-09-09,7215.25,MARUTI.NS
419,2020-09-10,7231.64990234375,MARUTI.NS
420,2020-09-11,7193.60009765625,MARUTI.NS
421,2020-09-14,7128.85009765625,MARUTI.NS
422,2020-09-15,7052.7998046875,MARUTI.NS
423,2020-09-16,7057.9501953125,MARUTI.NS
424,2020-09-17,7085.85009765625,MARUTI.NS
425,2020-09-18,6964.75,MARUTI.NS
426,2020-09-21,6626.9501953125,MARUTI.NS
427,2020-09-22,6440.5498046875,MARUTI.NS
428,2020-09-23,6501.2998046875,MARUTI.NS
429,2020-09-24,6297.7001953125,MARUTI.NS
430,2020-09-25,6497.7001953125,MARUTI.NS
431,2020-09-28,6703.0,MARUTI.NS
432,2020-09-29,6742.75,MARUTI.NS
433,2020-09-30,6743.4501953125,MARUTI.NS
434,2020-10-01,6796.2998046875,MARUTI.NS
435,2020-10-05,6818.85009765625,MARUTI.NS
436,2020-10-06,6892.39990234375,MARUTI.NS
437,2020-10-07,7046.89990234375,MARUTI.NS
438,2020-10-08,7079.85009765625,MARUTI.NS
439,2020-10-09,7062.39990234375,MARUTI.NS
440,2020-10-12,7136.64990234375,MARUTI.NS
441,2020-10-13,7032.89990234375,MARUTI.NS
442,2020-10-14,7002.35009765625,MARUTI.NS
443,2020-10-15,6892.60009765625,MARUTI.NS
444,2020-10-16,6894.89990234375,MARUTI.NS
445,2020-10-19,6851.9501953125,MARUTI.NS
446,2020-10-20,6844.60009765625,MARUTI.NS
447,2020-10-21,6861.85009765625,MARUTI.NS
448,2020-10-22,6811.5498046875,MARUTI.NS
449,2020-10-23,7103.25,MARUTI.NS
450,2020-10-26,7054.7998046875,MARUTI.NS
451,2020-10-27,7158.39990234375,MARUTI.NS
452,2020-10-28,7186.0498046875,MARUTI.NS
453,2020-10-29,7117.7001953125,MARUTI.NS
454,2020-10-30,6965.14990234375,MARUTI.NS
455,2020-11-02,6868.35009765625,MARUTI.NS
456,2020-11-03,6913.35009765625,MARUTI.NS
457,2020-11-04,6954.0498046875,MARUTI.NS
458,2020-11-05,7092.7998046875,MARUTI.NS
459,2020-11-06,6907.60009765625,MARUTI.NS
460,2020-11-09,6872.14990234375,MARUTI.NS
461,2020-11-10,6793.4501953125,MARUTI.NS
462,2020-11-11,6857.35009765625,MARUTI.NS
463,2020-11-12,6836.85009765625,MARUTI.NS
464,2020-11-13,6809.25,MARUTI.NS
465,2020-11-14,6852.25,MARUTI.NS
466,2020-11-17,6981.4501953125,MARUTI.NS
467,2020-11-18,7054.2998046875,MARUTI.NS
468,2020-11-19,6963.2998046875,MARUTI.NS
469,2020-11-20,6965.85009765625,MARUTI.NS
470,2020-11-23,6987.75,MARUTI.NS
471,2020-11-24,7158.39990234375,MARUTI.NS
472,2020-11-25,7055.7001953125,MARUTI.NS
473,2020-11-26,6994.25,MARUTI.NS
474,2020-11-27,7035.7998046875,MARUTI.NS
475,2020-12-01,7101.7001953125,MARUTI.NS
476,2020-12-02,7206.5,MARUTI.NS
477,2020-12-03,7739.10009765625,MARUTI.NS
478,2020-12-04,7803.14990234375,MARUTI.NS
479,2020-12-07,7743.39990234375,MARUTI.NS
480,2020-12-08,7762.7001953125,MARUTI.NS
481,2020-12-09,7709.25,MARUTI.NS
482,2020-12-10,7736.0,MARUTI.NS
483,2020-12-11,7733.5498046875,MARUTI.NS
484,2020-12-14,7696.7998046875,MARUTI.NS
485,2020-12-15,7765.25,MARUTI.NS
486,2020-12-16,7796.35009765625,MARUTI.NS
487,2020-12-17,7694.0,MARUTI.NS
488,2020-12-18,7559.75,MARUTI.NS
489,2020-12-21,7376.10009765625,MARUTI.NS
490,2020-12-22,7395.39990234375,MARUTI.NS
491,2020-12-23,7449.9501953125,MARUTI.NS
492,2020-12-24,7446.0498046875,MARUTI.NS
493,2020-12-28,7483.0,MARUTI.NS
494,2020-12-29,7452.35009765625,MARUTI.NS
495,2020-12-30,7612.89990234375,MARUTI.NS
496,2020-12-31,7649.60009765625,MARUTI.NS
497,2021-01-01,7691.2998046875,MARUTI.NS
498,2021-01-04,7702.2998046875,MARUTI.NS
499,2021-01-05,7655.4501953125,MARUTI.NS
500,2021-01-06,7628.60009765625,MARUTI.NS
501,2021-01-07,7566.0498046875,MARUTI.NS
502,2021-01-08,8014.89990234375,MARUTI.NS
503,2021-01-11,8232.75,MARUTI.NS
504,2021-01-12,8188.0498046875,MARUTI.NS
505,2021-01-13,8139.85009765625,MARUTI.NS
506,2021-01-14,8149.4501953125,MARUTI.NS
507,2021-01-15,8024.75,MARUTI.NS
508,2021-01-18,7830.64990234375,MARUTI.NS
509,2021-01-19,7922.60009765625,MARUTI.NS
510,2021-01-20,8144.9501953125,MARUTI.NS
511,2021-01-21,8076.75,MARUTI.NS
512,2021-01-22,8048.85009765625,MARUTI.NS
513,2021-01-25,7981.5,MARUTI.NS
514,2021-01-27,7870.89990234375,MARUTI.NS
515,2021-01-28,7588.5,MARUTI.NS
516,2021-01-29,7206.64990234375,MARUTI.NS
517,2021-02-01,7399.7998046875,MARUTI.NS
518,2021-02-02,7654.7001953125,MARUTI.NS
519,2021-02-03,7589.2001953125,MARUTI.NS
520,2021-02-04,7640.0,MARUTI.NS
521,2021-02-05,7494.14990234375,MARUTI.NS
522,2021-02-08,7574.60009765625,MARUTI.NS
523,2021-02-09,7627.0498046875,MARUTI.NS
524,2021-02-10,7621.7001953125,MARUTI.NS
525,2021-02-11,7667.35009765625,MARUTI.NS
526,2021-02-12,7568.5,MARUTI.NS
527,2021-02-15,7596.64990234375,MARUTI.NS
528,2021-02-16,7697.0498046875,MARUTI.NS
529,2021-02-17,7503.2001953125,MARUTI.NS
530,2021-02-18,7497.5498046875,MARUTI.NS
531,2021-02-19,7323.0,MARUTI.NS
532,2021-02-22,7086.4501953125,MARUTI.NS
533,2021-02-23,6970.5,MARUTI.NS
534,2021-02-24,6952.9501953125,MARUTI.NS
535,2021-02-25,6930.35009765625,MARUTI.NS
536,2021-02-26,6866.14990234375,MARUTI.NS
537,2021-03-01,7015.0,MARUTI.NS
538,2021-03-02,7214.10009765625,MARUTI.NS
539,2021-03-03,7124.7001953125,MARUTI.NS
540,2021-03-04,7131.60009765625,MARUTI.NS
541,2021-03-05,7249.0,MARUTI.NS
542,2021-03-08,7259.5,MARUTI.NS
543,2021-03-09,7301.5498046875,MARUTI.NS
544,2021-03-10,7272.10009765625,MARUTI.NS
545,2021-03-12,7096.2001953125,MARUTI.NS
546,2021-03-15,7089.2998046875,MARUTI.NS
547,2021-03-16,7150.2998046875,MARUTI.NS
548,2021-03-17,7064.64990234375,MARUTI.NS
549,2021-03-18,7113.75,MARUTI.NS
550,2021-03-19,7113.5498046875,MARUTI.NS
551,2021-03-22,7101.25,MARUTI.NS
552,2021-03-23,7186.25,MARUTI.NS
553,2021-03-24,7066.2001953125,MARUTI.NS
554,2021-03-25,6786.85009765625,MARUTI.NS
555,2021-03-26,6784.4501953125,MARUTI.NS
556,2021-03-30,6851.7998046875,MARUTI.NS
557,2021-03-31,6859.2001953125,MARUTI.NS
558,2021-04-01,6923.89990234375,MARUTI.NS
559,2021-04-05,6768.5498046875,MARUTI.NS
560,2021-04-06,6751.2998046875,MARUTI.NS
561,2021-04-07,6865.0,MARUTI.NS
562,2021-04-08,6826.85009765625,MARUTI.NS
563,2021-04-09,6827.10009765625,MARUTI.NS
564,2021-04-12,6520.60009765625,MARUTI.NS
565,2021-04-13,6815.7998046875,MARUTI.NS
566,2021-04-15,6644.25,MARUTI.NS
567,2021-04-16,6648.10009765625,MARUTI.NS
568,2021-04-19,6511.75,MARUTI.NS
569,2021-04-20,6646.64990234375,MARUTI.NS
570,2021-04-22,6650.10009765625,MARUTI.NS
571,2021-04-23,6676.10009765625,MARUTI.NS
572,2021-04-26,6638.89990234375,MARUTI.NS
573,2021-04-27,6568.75,MARUTI.NS
574,2021-04-28,6573.7998046875,MARUTI.NS
575,2021-04-29,6565.64990234375,MARUTI.NS
576,2021-04-30,6455.64990234375,MARUTI.NS
577,2021-05-03,6597.85009765625,MARUTI.NS
578,2021-05-04,6508.25,MARUTI.NS
579,2021-05-05,6590.10009765625,MARUTI.NS
580,2021-05-06,6666.64990234375,MARUTI.NS
581,2021-05-07,6703.0498046875,MARUTI.NS
582,2021-05-10,6764.0,MARUTI.NS
583,2021-05-11,6736.64990234375,MARUTI.NS
584,2021-05-12,6817.5498046875,MARUTI.NS
585,2021-05-14,6736.39990234375,MARUTI.NS
586,2021-05-17,6717.85009765625,MARUTI.NS
587,2021-05-18,6811.10009765625,MARUTI.NS
588,2021-05-19,6775.89990234375,MARUTI.NS
589,2021-05-20,6737.85009765625,MARUTI.NS
590,2021-05-21,6814.64990234375,MARUTI.NS
591,2021-05-24,6871.60009765625,MARUTI.NS
592,2021-05-25,6911.7998046875,MARUTI.NS
593,2021-05-26,7034.2998046875,MARUTI.NS
594,2021-05-27,6968.89990234375,MARUTI.NS
595,2021-05-28,6970.0,MARUTI.NS
596,2021-05-31,7086.2998046875,MARUTI.NS
597,2021-06-01,7091.14990234375,MARUTI.NS
598,2021-06-02,7184.7001953125,MARUTI.NS
599,2021-06-03,7209.5,MARUTI.NS
600,2021-06-04,7214.7001953125,MARUTI.NS
601,2021-06-07,7275.64990234375,MARUTI.NS
602,2021-06-08,7336.75,MARUTI.NS
603,2021-06-09,7239.0,MARUTI.NS
604,2021-06-10,7199.89990234375,MARUTI.NS
605,2021-06-11,7223.7998046875,MARUTI.NS
606,2021-06-14,7177.85009765625,MARUTI.NS
607,2021-06-15,7166.25,MARUTI.NS
608,2021-06-16,7114.25,MARUTI.NS
609,2021-06-17,6969.35009765625,MARUTI.NS
610,2021-06-18,6959.35009765625,MARUTI.NS
611,2021-06-21,6899.89990234375,MARUTI.NS
612,2021-06-22,7265.39990234375,MARUTI.NS
613,2021-06-23,7432.7001953125,MARUTI.NS
614,2021-06-24,7527.4501953125,MARUTI.NS
615,2021-06-25,7649.0,MARUTI.NS
616,2021-06-28,7596.25,MARUTI.NS
617,2021-06-29,7487.5,MARUTI.NS
618,2021-06-30,7515.89990234375,MARUTI.NS
619,2021-07-01,7584.39990234375,MARUTI.NS
620,2021-07-02,7573.85009765625,MARUTI.NS
621,2021-07-05,7599.4501953125,MARUTI.NS
622,2021-07-06,7514.9501953125,MARUTI.NS
623,2021-07-07,7449.39990234375,MARUTI.NS
624,2021-07-08,7401.2001953125,MARUTI.NS
625,2021-07-09,7425.7001953125,MARUTI.NS
626,2021-07-12,7470.10009765625,MARUTI.NS
627,2021-07-13,7430.35009765625,MARUTI.NS
628,2021-07-14,7326.75,MARUTI.NS
629,2021-07-15,7307.0,MARUTI.NS
630,2021-07-16,7303.5498046875,MARUTI.NS
631,2021-07-19,7165.5498046875,MARUTI.NS
632,2021-07-20,7232.7001953125,MARUTI.NS
633,2021-07-22,7299.5498046875,MARUTI.NS
634,2021-07-23,7293.85009765625,MARUTI.NS
635,2021-07-26,7235.7998046875,MARUTI.NS
636,2021-07-27,7240.25,MARUTI.NS
637,2021-07-28,7165.0498046875,MARUTI.NS
638,2021-07-29,6993.5,MARUTI.NS
639,2021-07-30,6977.7001953125,MARUTI.NS
640,2021-08-02,7076.9501953125,MARUTI.NS
641,2021-08-03,7199.39990234375,MARUTI.NS
642,2021-08-04,7102.89990234375,MARUTI.NS
643,2021-08-05,7027.5498046875,MARUTI.NS
644,2021-08-06,7100.7998046875,MARUTI.NS
645,2021-08-09,7081.75,MARUTI.NS
646,2021-08-10,7001.9501953125,MARUTI.NS
647,2021-08-11,7021.5,MARUTI.NS
648,2021-08-12,7012.0,MARUTI.NS
649,2021-08-13,7002.2001953125,MARUTI.NS
650,2021-08-16,6826.85009765625,MARUTI.NS
651,2021-08-17,6885.39990234375,MARUTI.NS
652,2021-08-18,6840.10009765625,MARUTI.NS
653,2021-08-20,6850.89990234375,MARUTI.NS
654,2021-08-23,6825.89990234375,MARUTI.NS
655,2021-08-24,6803.2001953125,MARUTI.NS
656,2021-08-25,6711.4501953125,MARUTI.NS
657,2021-08-26,6608.60009765625,MARUTI.NS
658,2021-08-27,6624.85009765625,MARUTI.NS
659,2021-08-30,6796.89990234375,MARUTI.NS
660,2021-08-31,6846.10009765625,MARUTI.NS
661,2021-09-01,6784.89990234375,MARUTI.NS
662,2021-09-02,6792.89990234375,MARUTI.NS
663,2021-09-03,6863.10009765625,MARUTI.NS
664,2021-09-06,6846.89990234375,MARUTI.NS
665,2021-09-07,6877.14990234375,MARUTI.NS
666,2021-09-08,6781.25,MARUTI.NS
667,2021-09-09,6802.25,MARUTI.NS
668,2021-09-13,6873.7001953125,MARUTI.NS
669,2021-09-14,6894.4501953125,MARUTI.NS
670,2021-09-15,6909.0,MARUTI.NS
671,2021-09-16,6930.9501953125,MARUTI.NS
672,2021-09-17,7014.4501953125,MARUTI.NS
673,2021-09-20,6950.39990234375,MARUTI.NS
674,2021-09-21,6777.0,MARUTI.NS
675,2021-09-22,6831.0,MARUTI.NS
676,2021-09-23,6846.7001953125,MARUTI.NS
677,2021-09-24,6952.25,MARUTI.NS
678,2021-09-27,7403.4501953125,MARUTI.NS
679,2021-09-28,7423.85009765625,MARUTI.NS
680,2021-09-29,7384.0498046875,MARUTI.NS
681,2021-09-30,7338.0498046875,MARUTI.NS
682,2021-10-01,7162.2998046875,MARUTI.NS
683,2021-10-04,7170.2998046875,MARUTI.NS
684,2021-10-05,7258.25,MARUTI.NS
685,2021-10-06,7199.25,MARUTI.NS
686,2021-10-07,7492.5,MARUTI.NS
687,2021-10-08,7430.0,MARUTI.NS
688,2021-10-11,7700.7998046875,MARUTI.NS
689,2021-10-12,7693.7998046875,MARUTI.NS
690,2021-10-13,7482.14990234375,MARUTI.NS
691,2021-10-14,7496.89990234375,MARUTI.NS
692,2021-10-18,7657.0,MARUTI.NS
693,2021-10-19,7655.64990234375,MARUTI.NS
694,2021-10-20,7590.75,MARUTI.NS
695,2021-10-21,7575.25,MARUTI.NS
696,2021-10-22,7408.89990234375,MARUTI.NS
697,2021-10-25,7260.60009765625,MARUTI.NS
698,2021-10-26,7297.35009765625,MARUTI.NS
699,2021-10-27,7356.25,MARUTI.NS
700,2021-10-28,7369.7001953125,MARUTI.NS
701,2021-10-29,7482.39990234375,MARUTI.NS
702,2021-11-01,7615.5498046875,MARUTI.NS
703,2021-11-02,7791.75,MARUTI.NS
704,2021-11-03,7734.25,MARUTI.NS
705,2021-11-04,7747.39990234375,MARUTI.NS
706,2021-11-08,7684.60009765625,MARUTI.NS
707,2021-11-09,7577.5498046875,MARUTI.NS
708,2021-11-10,7511.64990234375,MARUTI.NS
709,2021-11-11,7453.4501953125,MARUTI.NS
710,2021-11-12,7479.85009765625,MARUTI.NS
711,2021-11-15,7503.10009765625,MARUTI.NS
712,2021-11-16,8050.35009765625,MARUTI.NS
713,2021-11-17,8274.75,MARUTI.NS
714,2021-11-18,8117.14990234375,MARUTI.NS
715,2021-11-22,7864.39990234375,MARUTI.NS
716,2021-11-23,7854.0,MARUTI.NS
717,2021-11-24,7669.4501953125,MARUTI.NS
718,2021-11-25,7572.5,MARUTI.NS
719,2021-11-26,7170.5,MARUTI.NS
720,2021-11-29,7149.5,MARUTI.NS
721,2021-11-30,7067.7998046875,MARUTI.NS
722,2021-12-01,7273.25,MARUTI.NS
723,2021-12-02,7324.9501953125,MARUTI.NS
724,2021-12-03,7208.7001953125,MARUTI.NS
725,2021-12-06,7042.85009765625,MARUTI.NS
726,2021-12-07,7186.60009765625,MARUTI.NS
727,2021-12-08,7434.89990234375,MARUTI.NS
728,2021-12-09,7421.75,MARUTI.NS
729,2021-12-10,7425.64990234375,MARUTI.NS
730,2021-12-13,7516.39990234375,MARUTI.NS
731,2021-12-14,7493.14990234375,MARUTI.NS
732,2021-12-15,7567.9501953125,MARUTI.NS
733,2021-12-16,7450.7998046875,MARUTI.NS
734,2021-12-17,7296.60009765625,MARUTI.NS
735,2021-12-20,7286.60009765625,MARUTI.NS
736,2021-12-21,7315.14990234375,MARUTI.NS
737,2021-12-22,7423.75,MARUTI.NS
738,2021-12-23,7387.14990234375,MARUTI.NS
739,2021-12-24,7317.10009765625,MARUTI.NS
740,2021-12-27,7289.5,MARUTI.NS
741,2021-12-28,7297.4501953125,MARUTI.NS
742,2021-12-29,7350.0498046875,MARUTI.NS
743,2021-12-30,7282.25,MARUTI.NS
744,2021-12-31,7426.4501953125,MARUTI.NS
745,2022-01-03,7523.89990234375,MARUTI.NS
746,2022-01-04,7630.10009765625,MARUTI.NS
747,2022-01-05,7775.35009765625,MARUTI.NS
748,2022-01-06,7882.10009765625,MARUTI.NS
749,2022-01-07,7906.0,MARUTI.NS
750,2022-01-10,8125.60009765625,MARUTI.NS
751,2022-01-11,8143.85009765625,MARUTI.NS
752,2022-01-12,8170.75,MARUTI.NS
753,2022-01-13,8077.0498046875,MARUTI.NS
754,2022-01-14,8084.2001953125,MARUTI.NS
755,2022-01-17,8265.5,MARUTI.NS
756,2022-01-18,7915.14990234375,MARUTI.NS
757,2022-01-19,8015.7001953125,MARUTI.NS
758,2022-01-20,8036.35009765625,MARUTI.NS
759,2022-01-21,8189.60009765625,MARUTI.NS
760,2022-01-24,8052.2998046875,MARUTI.NS
761,2022-01-25,8602.599609375,MARUTI.NS
762,2022-01-27,8820.2001953125,MARUTI.NS
763,2022-01-28,8550.9501953125,MARUTI.NS
764,2022-01-31,8597.2998046875,MARUTI.NS
765,2022-02-01,8559.400390625,MARUTI.NS
766,2022-02-02,8515.25,MARUTI.NS
767,2022-02-03,8593.650390625,MARUTI.NS
768,2022-02-04,8550.5498046875,MARUTI.NS
769,2022-02-07,8511.650390625,MARUTI.NS
770,2022-02-08,8599.4501953125,MARUTI.NS
771,2022-02-09,8949.4501953125,MARUTI.NS
772,2022-02-10,8805.4501953125,MARUTI.NS
773,2022-02-11,8737.150390625,MARUTI.NS
774,2022-02-14,8366.400390625,MARUTI.NS
775,2022-02-15,8622.7001953125,MARUTI.NS
776,2022-02-16,8582.9501953125,MARUTI.NS
777,2022-02-17,8552.4501953125,MARUTI.NS
778,2022-02-18,8569.099609375,MARUTI.NS
779,2022-02-21,8612.7001953125,MARUTI.NS
780,2022-02-22,8622.7998046875,MARUTI.NS
781,2022-02-23,8698.849609375,MARUTI.NS
782,2022-02-24,8210.150390625,MARUTI.NS
783,2022-02-25,8356.099609375,MARUTI.NS
784,2022-02-28,8314.150390625,MARUTI.NS
785,2022-03-02,7814.2001953125,MARUTI.NS
786,2022-03-03,7595.5498046875,MARUTI.NS
787,2022-03-04,7247.2998046875,MARUTI.NS
788,2022-03-07,6769.0498046875,MARUTI.NS
789,2022-03-08,6806.2998046875,MARUTI.NS
790,2022-03-09,7026.85009765625,MARUTI.NS
791,2022-03-10,7211.7998046875,MARUTI.NS
792,2022-03-11,7102.5498046875,MARUTI.NS
793,2022-03-14,7316.75,MARUTI.NS
794,2022-03-15,7420.10009765625,MARUTI.NS
795,2022-03-16,7485.7998046875,MARUTI.NS
796,2022-03-17,7693.0,MARUTI.NS
797,2022-03-21,7705.5498046875,MARUTI.NS
798,2022-03-22,7766.64990234375,MARUTI.NS
799,2022-03-23,7644.85009765625,MARUTI.NS
800,2022-03-24,7556.9501953125,MARUTI.NS
801,2022-03-25,7415.4501953125,MARUTI.NS
802,2022-03-28,7477.35009765625,MARUTI.NS
803,2022-03-29,7439.14990234375,MARUTI.NS
804,2022-03-30,7598.60009765625,MARUTI.NS
805,2022-03-31,7561.2998046875,MARUTI.NS
806,2022-04-01,7700.0498046875,MARUTI.NS
807,2022-04-04,7774.7998046875,MARUTI.NS
808,2022-04-05,7761.85009765625,MARUTI.NS
809,2022-04-06,7744.2001953125,MARUTI.NS
810,2022-04-07,7640.5,MARUTI.NS
811,2022-04-08,7557.9501953125,MARUTI.NS
812,2022-04-11,7565.39990234375,MARUTI.NS
813,2022-04-12,7618.35009765625,MARUTI.NS
814,2022-04-13,7469.5,MARUTI.NS
815,2022-04-18,7573.5,MARUTI.NS
816,2022-04-19,7435.10009765625,MARUTI.NS
817,2022-04-20,7666.7001953125,MARUTI.NS
818,2022-04-21,7879.2001953125,MARUTI.NS
819,2022-04-22,7904.5,MARUTI.NS
820,2022-04-25,7912.35009765625,MARUTI.NS
821,2022-04-26,7906.75,MARUTI.NS
822,2022-04-27,7788.39990234375,MARUTI.NS
823,2022-04-28,7888.14990234375,MARUTI.NS
824,2022-04-29,7717.7998046875,MARUTI.NS
825,2022-05-02,7634.75,MARUTI.NS
826,2022-05-04,7397.89990234375,MARUTI.NS
827,2022-05-05,7407.64990234375,MARUTI.NS
828,2022-05-06,7279.25,MARUTI.NS
829,2022-05-09,7360.2998046875,MARUTI.NS
830,2022-05-10,7515.89990234375,MARUTI.NS
831,2022-05-11,7396.4501953125,MARUTI.NS
832,2022-05-12,7253.64990234375,MARUTI.NS
833,2022-05-13,7101.9501953125,MARUTI.NS
834,2022-05-16,7247.60009765625,MARUTI.NS
835,2022-05-17,7532.7998046875,MARUTI.NS
836,2022-05-18,7566.5498046875,MARUTI.NS
837,2022-05-19,7404.5498046875,MARUTI.NS
838,2022-05-20,7586.60009765625,MARUTI.NS
839,2022-05-23,7897.4501953125,MARUTI.NS
840,2022-05-24,7802.64990234375,MARUTI.NS
841,2022-05-25,7787.25,MARUTI.NS
842,2022-05-26,7805.0,MARUTI.NS
843,2022-05-27,7942.9501953125,MARUTI.NS
844,2022-05-30,8013.89990234375,MARUTI.NS
845,2022-05-31,7966.35009765625,MARUTI.NS
846,2022-06-01,7939.39990234375,MARUTI.NS
847,2022-06-02,7925.39990234375,MARUTI.NS
848,2022-06-03,7705.0498046875,MARUTI.NS
849,2022-06-06,7710.5498046875,MARUTI.NS
850,2022-06-07,7809.39990234375,MARUTI.NS
851,2022-06-08,7892.4501953125,MARUTI.NS
852,2022-06-09,7929.85009765625,MARUTI.NS
853,2022-06-10,7935.10009765625,MARUTI.NS
854,2022-06-13,7901.60009765625,MARUTI.NS
855,2022-06-14,7811.64990234375,MARUTI.NS
856,2022-06-15,7853.4501953125,MARUTI.NS
857,2022-06-16,7833.60009765625,MARUTI.NS
858,2022-06-17,7688.14990234375,MARUTI.NS
859,2022-06-20,7660.9501953125,MARUTI.NS
860,2022-06-21,7780.60009765625,MARUTI.NS
861,2022-06-22,7782.75,MARUTI.NS
862,2022-06-23,8271.0,MARUTI.NS
863,2022-06-24,8363.2001953125,MARUTI.NS
864,2022-06-27,8448.75,MARUTI.NS
865,2022-06-28,8489.7001953125,MARUTI.NS
866,2022-06-29,8508.900390625,MARUTI.NS
867,2022-06-30,8470.75,MARUTI.NS
868,2022-07-01,8402.599609375,MARUTI.NS
869,2022-07-04,8443.349609375,MARUTI.NS
870,2022-07-05,8348.7001953125,MARUTI.NS
871,2022-07-06,8630.0498046875,MARUTI.NS
872,2022-07-07,8606.400390625,MARUTI.NS
873,2022-07-08,8475.9501953125,MARUTI.NS
874,2022-07-11,8507.650390625,MARUTI.NS
875,2022-07-12,8419.7001953125,MARUTI.NS
876,2022-07-13,8440.2001953125,MARUTI.NS
877,2022-07-14,8567.75,MARUTI.NS
878,2022-07-15,8778.0498046875,MARUTI.NS
879,2022-07-18,8704.7998046875,MARUTI.NS
880,2022-07-19,8715.849609375,MARUTI.NS
881,2022-07-20,8749.0498046875,MARUTI.NS
882,2022-07-21,8797.0,MARUTI.NS
883,2022-07-22,8830.9501953125,MARUTI.NS
884,2022-07-25,8621.599609375,MARUTI.NS
885,2022-07-26,8525.849609375,MARUTI.NS
886,2022-07-27,8658.099609375,MARUTI.NS
887,2022-07-28,8721.0498046875,MARUTI.NS
888,2022-07-29,8773.5498046875,MARUTI.NS
889,2022-08-01,9003.400390625,MARUTI.NS
890,2022-08-02,9173.0498046875,MARUTI.NS
891,2022-08-03,8959.4501953125,MARUTI.NS
892,2022-08-04,8966.7001953125,MARUTI.NS
893,2022-08-05,8841.2001953125,MARUTI.NS
894,2022-08-08,8921.9501953125,MARUTI.NS
895,2022-08-10,8879.7001953125,MARUTI.NS
896,2022-08-11,8813.849609375,MARUTI.NS
897,2022-08-12,8699.2001953125,MARUTI.NS
898,2022-08-16,9003.7001953125,MARUTI.NS
899,2022-08-17,8944.349609375,MARUTI.NS
900,2022-08-18,8947.7001953125,MARUTI.NS
901,2022-08-19,8778.9501953125,MARUTI.NS
902,2022-08-22,8628.0,MARUTI.NS
903,2022-08-23,8720.5,MARUTI.NS
904,2022-08-24,8704.0,MARUTI.NS
905,2022-08-25,8735.900390625,MARUTI.NS
906,2022-08-26,8720.599609375,MARUTI.NS
907,2022-08-29,8834.2001953125,MARUTI.NS
908,2022-08-30,9082.25,MARUTI.NS
909,2022-09-01,9024.5,MARUTI.NS
910,2022-09-02,8919.599609375,MARUTI.NS
911,2022-09-05,8950.0498046875,MARUTI.NS
912,2022-09-06,8888.75,MARUTI.NS
913,2022-09-07,8784.900390625,MARUTI.NS
914,2022-09-08,8790.650390625,MARUTI.NS
915,2022-09-09,8946.0,MARUTI.NS
916,2022-09-12,8927.650390625,MARUTI.NS
917,2022-09-13,8926.5,MARUTI.NS
918,2022-09-14,8967.2001953125,MARUTI.NS
919,2022-09-15,9209.75,MARUTI.NS
920,2022-09-16,9189.650390625,MARUTI.NS
921,2022-09-19,9280.849609375,MARUTI.NS
922,2022-09-20,9300.849609375,MARUTI.NS
923,2022-09-21,9247.900390625,MARUTI.NS
924,2022-09-22,9401.849609375,MARUTI.NS
925,2022-09-23,9343.4501953125,MARUTI.NS
926,2022-09-26,8834.9501953125,MARUTI.NS
927,2022-09-27,8774.0498046875,MARUTI.NS
928,2022-09-28,8726.75,MARUTI.NS
929,2022-09-29,8624.849609375,MARUTI.NS
930,2022-09-30,8828.150390625,MARUTI.NS
931,2022-10-03,8547.0,MARUTI.NS
932,2022-10-04,8690.5,MARUTI.NS
933,2022-10-06,8703.0,MARUTI.NS
934,2022-10-07,8779.099609375,MARUTI.NS
935,2022-10-10,8862.400390625,MARUTI.NS
936,2022-10-11,8684.150390625,MARUTI.NS
937,2022-10-12,8686.599609375,MARUTI.NS
938,2022-10-13,8649.5498046875,MARUTI.NS
939,2022-10-14,8617.2998046875,MARUTI.NS
940,2022-10-17,8723.7998046875,MARUTI.NS
941,2022-10-18,8807.349609375,MARUTI.NS
942,2022-10-19,8719.349609375,MARUTI.NS
943,2022-10-20,8707.400390625,MARUTI.NS
944,2022-10-21,8703.2998046875,MARUTI.NS
945,2022-10-24,8765.4501953125,MARUTI.NS
946,2022-10-25,9005.0,MARUTI.NS
947,2022-10-27,9041.9501953125,MARUTI.NS
948,2022-10-28,9492.5498046875,MARUTI.NS
949,2022-10-31,9527.599609375,MARUTI.NS
950,2022-11-01,9454.599609375,MARUTI.NS
951,2022-11-02,9229.400390625,MARUTI.NS
952,2022-11-03,9239.099609375,MARUTI.NS
953,2022-11-04,9229.5,MARUTI.NS
954,2022-11-07,9333.2998046875,MARUTI.NS
955,2022-11-09,9253.5,MARUTI.NS
956,2022-11-10,9097.25,MARUTI.NS
957,2022-11-11,9087.5498046875,MARUTI.NS
958,2022-11-14,9152.349609375,MARUTI.NS
959,2022-11-15,9162.2001953125,MARUTI.NS
960,2022-11-16,9134.9501953125,MARUTI.NS
961,2022-11-17,8986.4501953125,MARUTI.NS
962,2022-11-18,8848.0498046875,MARUTI.NS
963,2022-11-21,8865.2001953125,MARUTI.NS
964,2022-11-22,8873.75,MARUTI.NS
965,2022-11-23,8934.5,MARUTI.NS
966,2022-11-24,8967.099609375,MARUTI.NS
967,2022-11-25,9019.5,MARUTI.NS
968,2022-11-28,8985.400390625,MARUTI.NS
969,2022-11-29,8910.2001953125,MARUTI.NS
970,2022-11-30,8974.150390625,MARUTI.NS
971,2022-12-01,8958.150390625,MARUTI.NS
972,2022-12-02,8815.849609375,MARUTI.NS
973,2022-12-05,8792.0498046875,MARUTI.NS
974,2022-12-06,8717.349609375,MARUTI.NS
975,2022-12-07,8659.150390625,MARUTI.NS
976,2022-12-08,8682.7001953125,MARUTI.NS
977,2022-12-09,8613.349609375,MARUTI.NS
978,2022-12-12,8659.75,MARUTI.NS
979,2022-12-13,8620.7001953125,MARUTI.NS
980,2022-12-14,8641.599609375,MARUTI.NS
981,2022-12-15,8584.150390625,MARUTI.NS
982,2022-12-16,8485.7998046875,MARUTI.NS
983,2022-12-19,8603.849609375,MARUTI.NS
984,2022-12-20,8524.349609375,MARUTI.NS
985,2022-12-21,8350.400390625,MARUTI.NS
986,2022-12-22,8334.349609375,MARUTI.NS
987,2022-12-23,8141.60009765625,MARUTI.NS
988,2022-12-26,8256.7998046875,MARUTI.NS
989,2022-12-27,8305.4501953125,MARUTI.NS
990,2022-12-28,8421.0498046875,MARUTI.NS
991,2022-12-29,8435.7998046875,MARUTI.NS
992,2022-12-30,8394.599609375,MARUTI.NS
993,2023-01-02,8403.2998046875,MARUTI.NS
994,2023-01-03,8382.75,MARUTI.NS
995,2023-01-04,8422.7998046875,MARUTI.NS
996,2023-01-05,8461.099609375,MARUTI.NS
997,2023-01-06,8383.0498046875,MARUTI.NS
998,2023-01-09,8377.0,MARUTI.NS
999,2023-01-10,8293.150390625,MARUTI.NS
1000,2023-01-11,8284.4501953125,MARUTI.NS
1001,2023-01-12,8369.2001953125,MARUTI.NS
1002,2023-01-13,8453.400390625,MARUTI.NS
1003,2023-01-16,8380.099609375,MARUTI.NS
1004,2023-01-17,8479.349609375,MARUTI.NS
1005,2023-01-18,8494.0498046875,MARUTI.NS
1006,2023-01-19,8501.650390625,MARUTI.NS
1007,2023-01-20,8439.7998046875,MARUTI.NS
1008,2023-01-23,8417.099609375,MARUTI.NS
1009,2023-01-24,8698.7998046875,MARUTI.NS
1010,2023-01-25,8784.099609375,MARUTI.NS
1011,2023-01-27,8737.5,MARUTI.NS
1012,2023-01-30,8817.0,MARUTI.NS
1013,2023-01-31,8895.2998046875,MARUTI.NS
1014,2023-02-01,8768.849609375,MARUTI.NS
1015,2023-02-02,8870.150390625,MARUTI.NS
1016,2023-02-03,8942.2998046875,MARUTI.NS
1017,2023-02-06,8908.0,MARUTI.NS
1018,2023-02-07,8762.4501953125,MARUTI.NS
1019,2023-02-08,8834.7001953125,MARUTI.NS
1020,2023-02-09,8801.2001953125,MARUTI.NS
1021,2023-02-10,8811.349609375,MARUTI.NS
1022,2023-02-13,8809.4501953125,MARUTI.NS
1023,2023-02-14,8774.4501953125,MARUTI.NS
1024,2023-02-15,8845.349609375,MARUTI.NS
1025,2023-02-16,8805.099609375,MARUTI.NS
1026,2023-02-17,8807.75,MARUTI.NS
1027,2023-02-20,8693.650390625,MARUTI.NS
1028,2023-02-21,8669.849609375,MARUTI.NS
1029,2023-02-22,8658.9501953125,MARUTI.NS
1030,2023-02-23,8696.25,MARUTI.NS
1031,2023-02-24,8660.5,MARUTI.NS
1032,2023-02-27,8632.2001953125,MARUTI.NS
1033,2023-02-28,8624.349609375,MARUTI.NS
1034,2023-03-01,8764.150390625,MARUTI.NS
1035,2023-03-02,8548.75,MARUTI.NS
1036,2023-03-03,8601.25,MARUTI.NS
1037,2023-03-06,8631.4501953125,MARUTI.NS
1038,2023-03-08,8693.900390625,MARUTI.NS
1039,2023-03-09,8541.9501953125,MARUTI.NS
1040,2023-03-10,8601.5498046875,MARUTI.NS
1041,2023-03-13,8518.400390625,MARUTI.NS
1042,2023-03-14,8512.150390625,MARUTI.NS
1043,2023-03-15,8474.9501953125,MARUTI.NS
1044,2023-03-16,8437.4501953125,MARUTI.NS
1045,2023-03-17,8316.849609375,MARUTI.NS
1046,2023-03-20,8219.599609375,MARUTI.NS
1047,2023-03-21,8228.400390625,MARUTI.NS
1048,2023-03-22,8252.400390625,MARUTI.NS
1049,2023-03-23,8353.2001953125,MARUTI.NS
1050,2023-03-24,8242.900390625,MARUTI.NS
1051,2023-03-27,8278.349609375,MARUTI.NS
1052,2023-03-28,8208.7998046875,MARUTI.NS
1053,2023-03-29,8295.2998046875,MARUTI.NS
1054,2023-03-31,8292.150390625,MARUTI.NS
1055,2023-04-03,8503.0498046875,MARUTI.NS
1056,2023-04-05,8447.0498046875,MARUTI.NS
1057,2023-04-06,8516.650390625,MARUTI.NS
1058,2023-04-10,8535.150390625,MARUTI.NS
1059,2023-04-11,8659.5498046875,MARUTI.NS
1060,2023-04-12,8621.0498046875,MARUTI.NS
1061,2023-04-13,8670.7998046875,MARUTI.NS
1062,2023-04-17,8674.650390625,MARUTI.NS
1063,2023-04-18,8732.650390625,MARUTI.NS
1064,2023-04-19,8679.9501953125,MARUTI.NS
1065,2023-04-20,8714.650390625,MARUTI.NS
1066,2023-04-21,8558.4501953125,MARUTI.NS
1067,2023-04-24,8466.150390625,MARUTI.NS
1068,2023-04-25,8468.900390625,MARUTI.NS
1069,2023-04-26,8506.900390625,MARUTI.NS
1070,2023-04-27,8542.9501953125,MARUTI.NS
1071,2023-04-28,8589.5498046875,MARUTI.NS
1072,2023-05-02,8776.849609375,MARUTI.NS
1073,2023-05-03,8797.2998046875,MARUTI.NS
1074,2023-05-04,8800.599609375,MARUTI.NS
1075,2023-05-05,8948.650390625,MARUTI.NS
1076,2023-05-08,9076.25,MARUTI.NS
1077,2023-05-09,9111.5498046875,MARUTI.NS
1078,2023-05-10,9168.150390625,MARUTI.NS
1079,2023-05-11,9260.900390625,MARUTI.NS
1080,2023-05-12,9295.400390625,MARUTI.NS
1081,2023-05-15,9207.2998046875,MARUTI.NS
1082,2023-05-16,9071.349609375,MARUTI.NS
1083,2023-05-17,9119.400390625,MARUTI.NS
1084,2023-05-18,9053.2998046875,MARUTI.NS
1085,2023-05-19,9105.9501953125,MARUTI.NS
1086,2023-05-22,9156.650390625,MARUTI.NS
1087,2023-05-23,9200.7001953125,MARUTI.NS
1088,2023-05-24,9270.75,MARUTI.NS
1089,2023-05-25,9281.849609375,MARUTI.NS
1090,2023-05-26,9399.9501953125,MARUTI.NS
1091,2023-05-29,9333.5,MARUTI.NS
1092,2023-05-30,9383.349609375,MARUTI.NS
1093,2023-05-31,9367.7001953125,MARUTI.NS
1094,2023-06-01,9328.2998046875,MARUTI.NS
1095,2023-06-02,9485.349609375,MARUTI.NS
1096,2023-06-05,9582.099609375,MARUTI.NS
1097,2023-06-06,9736.2001953125,MARUTI.NS
1098,2023-06-07,9707.5,MARUTI.NS
1099,2023-06-08,9658.599609375,MARUTI.NS
1100,2023-06-09,9627.7998046875,MARUTI.NS
1101,2023-06-12,9550.4501953125,MARUTI.NS
1102,2023-06-13,9517.5,MARUTI.NS
1103,2023-06-14,9532.5,MARUTI.NS
1104,2023-06-15,9594.849609375,MARUTI.NS
1105,2023-06-16,9603.7001953125,MARUTI.NS
1106,2023-06-19,9532.0,MARUTI.NS
1107,2023-06-20,9492.099609375,MARUTI.NS
1108,2023-06-21,9440.849609375,MARUTI.NS
1109,2023-06-22,9403.0498046875,MARUTI.NS
1110,2023-06-23,9327.2998046875,MARUTI.NS
1111,2023-06-26,9470.2001953125,MARUTI.NS
1112,2023-06-27,9461.0,MARUTI.NS
1113,2023-06-28,9461.0,MARUTI.NS
1114,2023-06-30,9789.0498046875,MARUTI.NS
1115,2023-07-03,9673.0,MARUTI.NS
1116,2023-07-04,9647.400390625,MARUTI.NS
1117,2023-07-05,9992.2998046875,MARUTI.NS
1118,2023-07-06,9859.400390625,MARUTI.NS
1119,2023-07-07,9850.25,MARUTI.NS
1120,2023-07-10,9736.2998046875,MARUTI.NS
1121,2023-07-11,9900.150390625,MARUTI.NS
1122,2023-07-12,9835.7998046875,MARUTI.NS
1123,2023-07-13,9647.5498046875,MARUTI.NS
1124,2023-07-14,9603.650390625,MARUTI.NS
1125,2023-07-17,9689.5498046875,MARUTI.NS
1126,2023-07-18,9665.650390625,MARUTI.NS
1127,2023-07-19,9607.5498046875,MARUTI.NS
1128,2023-07-20,9772.5,MARUTI.NS
1129,2023-07-21,9770.0498046875,MARUTI.NS
1130,2023-07-24,9694.7998046875,MARUTI.NS
1131,2023-07-25,9758.599609375,MARUTI.NS
1132,2023-07-26,9756.349609375,MARUTI.NS
1133,2023-07-27,9753.599609375,MARUTI.NS
1134,2023-07-28,9670.2998046875,MARUTI.NS
1135,2023-07-31,9820.75,MARUTI.NS
1136,2023-08-01,9716.75,MARUTI.NS
1137,2023-08-02,9653.7998046875,MARUTI.NS
1138,2023-08-03,9543.7001953125,MARUTI.NS
1139,2023-08-04,9470.400390625,MARUTI.NS
1140,2023-08-07,9523.7998046875,MARUTI.NS
1141,2023-08-08,9542.5498046875,MARUTI.NS
1142,2023-08-09,9463.099609375,MARUTI.NS
1143,2023-08-10,9397.599609375,MARUTI.NS
1144,2023-08-11,9356.849609375,MARUTI.NS
1145,2023-08-14,9321.650390625,MARUTI.NS
1146,2023-08-16,9419.5498046875,MARUTI.NS
1147,2023-08-17,9375.2998046875,MARUTI.NS
1148,2023-08-18,9456.0498046875,MARUTI.NS
1149,2023-08-21,9438.7998046875,MARUTI.NS
1150,2023-08-22,9491.900390625,MARUTI.NS
1151,2023-08-23,9600.9501953125,MARUTI.NS
1152,2023-08-24,9573.7001953125,MARUTI.NS
1153,2023-08-25,9505.7001953125,MARUTI.NS
1154,2023-08-28,9597.7001953125,MARUTI.NS
1155,2023-08-29,9621.25,MARUTI.NS
1156,2023-08-30,9796.400390625,MARUTI.NS
1157,2023-08-31,10003.7998046875,MARUTI.NS
1158,2023-09-01,10331.25,MARUTI.NS
1159,2023-09-04,10362.4501953125,MARUTI.NS
1160,2023-09-05,10262.099609375,MARUTI.NS
1161,2023-09-06,10178.849609375,MARUTI.NS
1162,2023-09-07,10280.75,MARUTI.NS
1163,2023-09-08,10332.0,MARUTI.NS
1164,2023-09-11,10533.849609375,MARUTI.NS
1165,2023-09-12,10503.599609375,MARUTI.NS
1166,2023-09-13,10473.400390625,MARUTI.NS
1167,2023-09-14,10488.150390625,MARUTI.NS
1168,2023-09-15,10525.25,MARUTI.NS
1169,2023-09-18,10522.099609375,MARUTI.NS
1170,2023-09-20,10346.75,MARUTI.NS
1171,2023-09-21,10284.2998046875,MARUTI.NS
1172,2023-09-22,10535.150390625,MARUTI.NS
1173,2023-09-25,10588.2001953125,MARUTI.NS
1174,2023-09-26,10556.650390625,MARUTI.NS
1175,2023-09-27,10680.75,MARUTI.NS
1176,2023-09-28,10565.349609375,MARUTI.NS
1177,2023-09-29,10610.599609375,MARUTI.NS
1178,2023-10-03,10346.900390625,MARUTI.NS
1179,2023-10-04,10129.849609375,MARUTI.NS
1180,2023-10-05,10210.150390625,MARUTI.NS
1181,2023-10-06,10302.0498046875,MARUTI.NS
1182,2023-10-09,10244.7998046875,MARUTI.NS
1183,2023-10-10,10375.0,MARUTI.NS
1184,2023-10-11,10412.099609375,MARUTI.NS
1185,2023-10-12,10580.900390625,MARUTI.NS
1186,2023-10-13,10727.5498046875,MARUTI.NS
1187,2023-10-16,10704.5,MARUTI.NS
1188,2023-10-17,10750.7998046875,MARUTI.NS
1189,2023-10-18,10788.4501953125,MARUTI.NS
1190,2023-10-19,10771.7001953125,MARUTI.NS
1191,2023-10-20,10725.650390625,MARUTI.NS
1192,2023-10-23,10553.650390625,MARUTI.NS
1193,2023-10-25,10588.849609375,MARUTI.NS
1194,2023-10-26,10424.150390625,MARUTI.NS
1195,2023-10-27,10560.7001953125,MARUTI.NS
1196,2023-10-30,10397.7001953125,MARUTI.NS
1197,2023-10-31,10392.2998046875,MARUTI.NS
1198,2023-11-01,10227.75,MARUTI.NS
1199,2023-11-02,10303.599609375,MARUTI.NS
1200,2023-11-03,10276.2998046875,MARUTI.NS
1201,2023-11-06,10284.849609375,MARUTI.NS
1202,2023-11-07,10253.2998046875,MARUTI.NS
1203,2023-11-08,10322.2998046875,MARUTI.NS
1204,2023-11-09,10400.349609375,MARUTI.NS
1205,2023-11-10,10388.7998046875,MARUTI.NS
1206,2023-11-13,10398.400390625,MARUTI.NS
1207,2023-11-15,10456.0498046875,MARUTI.NS
1208,2023-11-16,10484.5,MARUTI.NS
1209,2023-11-17,10523.5,MARUTI.NS
1210,2023-11-20,10566.25,MARUTI.NS
1211,2023-11-21,10535.150390625,MARUTI.NS
1212,2023-11-22,10494.5498046875,MARUTI.NS
1213,2023-11-23,10488.5,MARUTI.NS
1214,2023-11-24,10515.650390625,MARUTI.NS
1215,2023-11-28,10537.5498046875,MARUTI.NS
1216,2023-11-29,10599.25,MARUTI.NS
1217,2023-11-30,10608.7001953125,MARUTI.NS
1218,2023-12-01,10585.7001953125,MARUTI.NS
1219,2023-12-04,10599.4501953125,MARUTI.NS
1220,2023-12-05,10721.900390625,MARUTI.NS
1221,2023-12-06,10625.75,MARUTI.NS
1222,2023-12-07,10696.650390625,MARUTI.NS
1223,2023-12-08,10618.5498046875,MARUTI.NS
1224,2023-12-11,10541.75,MARUTI.NS
1225,2023-12-12,10338.400390625,MARUTI.NS
1226,2023-12-13,10380.0498046875,MARUTI.NS
1227,2023-12-14,10353.2001953125,MARUTI.NS
1228,2023-12-15,10286.400390625,MARUTI.NS
1229,2023-12-18,10319.599609375,MARUTI.NS
1230,2023-12-19,10233.599609375,MARUTI.NS
1231,2023-12-20,10081.25,MARUTI.NS
1232,2023-12-21,10012.849609375,MARUTI.NS
1233,2023-12-22,10217.150390625,MARUTI.NS
1234,2023-12-26,10270.650390625,MARUTI.NS
